USE todotech;

-- Población de la base de datos.
-- Inserción de datos en 'metodo_pago'.
INSERT INTO todotech.metodo_pago (nombre_metodo) VALUES 
('Tarjeta de Crédito'),
('Tarjeta de Débito'),
('Transferencia Bancaria'),
('Pago en Efectivo');

-- Inserción de datos en 'marca_producto'.
INSERT INTO todotech.marca_producto (nombre_marca) VALUES 
('AMD'),
('Intel'),
('NVIDIA'),
('AMD Radeon'),
('Corsair'),
('G.Skill'),
('Kingston'),
('Samsung'),
('Western Digital'),
('Seagate'),
('ASUS'),
('MSI'),
('Gigabyte'),
('EVGA'),
('Seasonic'),
('Logitech'),
('Razer'),
('BenQ'),
('Deepcool'),
('Toshiba'),
('Redragon'),
('Sapphire'),
('Gear'),
('SanDisk'),
('Noctua'),
('Crucial'),
('XPG'),
('Motorola'),
('DLink'),
('Apple'),
('Philips'),
('Spektra'),
('TPLink'),
('Huawei'),
('Master G'),
('Xiaomi'),
('Acer'),
('Dell'),
('HP'),
('Kensington'), 
('Lenovo');

-- Inserción de datos en 'categoria_producto'.
INSERT INTO todotech.categoria_producto (nombre_categoria, descripcion) VALUES 
('Computadores y Accesorios', 'Productos relacionados con computadoras y sus accesorios.'),
('Componentes Hardware', 'Partes internas de las computadoras, como CPU, GPU, y más.'),
('Smartphones', 'Dispositivos móviles inteligentes y sus accesorios.'),
('Almacenamientos', 'Soluciones de almacenamiento, incluyendo HDD, SSD y PENDRIVES.'),
('Oficina', 'Productos diseñados para el uso en oficina, como impresoras y escáneres.'),
('Hogar', 'Dispositivos y tecnología para el hogar.'),
('Periféricos', 'Dispositivos externos como teclados, ratones y monitores.'),
('Televisores y Accesorios', 'Televisores y productos relacionados para entretenimiento.');

-- Inserción de datos en 'sucursal'.
INSERT INTO todotech.sucursal (nombre_sucursal, encargado_sucursal, calle, numero, comuna, region, telefono) VALUES
('TodoTECH Santiago Centro', 'Alvaro Ernesto Araya Sanchez', 'Morandé', '546', 'Santiago', 'Región Metropolitana', '+56211112222');

-- Inserción de datos en 'cliente'.
INSERT INTO todotech.cliente (rut, nombres, apellidos, estado, fecha_nacimiento, email, telefono, contrasena) VALUES
('12345678-9', 'Carlos Andrés', 'Pérez Soto', 'Habilitado', '1995-04-15', 'carlos.perez@gmail.com', '+56987654321', 'pass1234'),
('23456789-0', 'María José', 'González Rojas', 'Habilitado', '1990-09-30', 'maria.gonzalez@gmail.com', '+56912345678', 'securePass1'),
('34567890-1', 'Juan Pablo', 'López Diaz', 'Desabilitado', '1985-07-12', 'juan.lopez@gmail.com', '+56923456789', 'password789'),
('45678901-K', 'Ana Isabel', 'Ramírez Silva', 'Habilitado', '1998-11-05', 'ana.ramirez@gmail.com', '+56934567890', 'mySecretPass'),
('56789012-3', 'Felipe Ignacio', 'Castro Torres', 'Habilitado', '2000-01-20', 'felipe.castro@gmail.com', '+56945678901', 'felipe2023'),
('67890123-4', 'Camila Alejandra', 'Reyes Vega', 'Desabilitado', '1992-02-15', 'camila.reyes@gmail.com', '+56956789012', 'camilaPass21'),
('78901234-K', 'Rodrigo Andrés', 'Fuentes López', 'Habilitado', '1997-06-10', 'rodrigo.fuentes@gmail.com', '+56967890123', 'rodrigoSecure45'),
('89012345-6', 'Isabel Margarita', 'Morales Herrera', 'Habilitado', '1999-12-25', 'isabel.morales@gmail.com', '+56978901234', 'isabelSafe88'),
('90123456-7', 'Ricardo Esteban', 'Navarro Pizarro', 'Habilitado', '1983-03-17', 'ricardo.navarro@gmail.com', '+56989012345', 'ricardo7890'),
('1234567-K', 'Daniela Paz', 'Salazar Peña', 'Desabilitado', '1994-08-02', 'daniela.salazar@gmail.com', '+56990123456', 'danielaPass98'),
('11122333-4', 'Sebastián Alonso', 'Muñoz Figueroa', 'Habilitado', '1995-03-22', 'sebastian.munoz@gmail.com', '+56911223344', 'sebastianPass45'),
('22233444-5', 'Paula Andrea', 'Araya Torres', 'Habilitado', '1990-05-14', 'paula.araya@gmail.com', '+56922334455', 'paula1234'),
('33344555-6', 'Gabriel Alejandro', 'Sandoval Cáceres', 'Habilitado', '1988-11-29', 'gabriel.sandoval@gmail.com', '+56933445566', 'gabrielSecure'),
('44455666-7', 'Javiera Isabel', 'Maldonado Ruiz', 'Habilitado', '1993-01-17', 'javiera.maldonado@gmail.com', '+56944556677', 'javieraPass99'),
('55566777-8', 'Patricio Antonio', 'Vargas Olivares', 'Habilitado', '1985-07-23', 'patricio.vargas@gmail.com', '+56955667788', 'patricioSafe11'),
('66677888-9', 'Francisca Beatriz', 'Paredes Gallardo', 'Habilitado', '1997-10-30', 'francisca.paredes@gmail.com', '+56966778899', 'francisca2023'),
('77788999-0', 'Cristian Eduardo', 'Vergara Ramírez', 'Habilitado', '1999-04-08', 'cristian.vergara@gmail.com', '+56977889900', 'cristian123'),
('8899000-1', 'Laura Fernanda', 'Jiménez Pino', 'Habilitado', '1996-02-12', 'laura.jimenez@gmail.com', '+56988990011', 'lauraSecure98'),
('99900111-2', 'Alejandro Vicente', 'Escobar Ortiz', 'Habilitado', '1984-09-05', 'alejandro.escobar@gmail.com', '+56999001122', 'alejandro789'),
('10011223-3', 'Natalia Rocío', 'Concha Rojas', 'Habilitado', '1991-06-19', 'natalia.concha@gmail.com', '+56910011223', 'natalia2022'),
('10122334-4', 'Jorge Matías', 'Peña Guzmán', 'Habilitado', '1993-08-25', 'jorge.pena@gmail.com', '+56921223334', 'jorgeStrong45'),
('11233445-5', 'Beatriz Carolina', 'Zúñiga Moreno', 'Habilitado', '1986-12-14', 'beatriz.zuniga@gmail.com', '+56932334445', 'beatrizSecure77'),
('12344556-K', 'Tomás Felipe', 'Reyes Cabrera', 'Habilitado', '1998-03-03', 'tomas.reyes@gmail.com', '+56943445556', 'tomasPassword'),
('13455667-7', 'Antonia Valentina', 'Lara Espinoza', 'Habilitado', '1992-07-21', 'antonia.lara@gmail.com', '+56954556667', 'antoniaPass32'),
('14566778-K', 'Felipe Alonso', 'Aguirre Morales', 'Habilitado', '1990-11-17', 'felipe.aguirre@gmail.com', '+56965667778', 'felipeSecure');

-- Inserción de datos en 'empleado'.
INSERT INTO todotech.empleado (id_sucursal, rut, nombres, apellidos, estado, fecha_nacimiento, email, telefono, calle, numero, comuna, region, estado_civil, contrasena, cargo, sueldo) VALUES
(1, '12345678-9', 'Alvaro Ernesto', 'Araya Sanchez', 'Habilitado', '1985-05-12', 'alvaro.araya@gmail.com', '+56987654321', 'Av. Providencia', '1234', 'Santiago', 'Región Metropolitana', 'Soltero', 'pass1234', 'Director Ejecutivo', 2500000.00),
(1, '23456789-0', 'María José', 'González Rojas', 'Habilitado', '1990-02-20', 'maria.gonzalez@gmail.com', '+56912345678', 'Calle Los Leones', '5678', 'Santiago', 'Región Metropolitana', 'Soltero', 'securePass1', 'Asistente de Ventas', 750000.00),
(1, '34567890-1', 'Juan Pablo', 'López Diaz', 'Habilitado', '1988-11-25', 'juan.lopez@gmail.com', '+56923456789', 'Calle Suecia', '910', 'Santiago', 'Región Metropolitana', 'Divorciado', 'password789', 'Contador', 850000.00),
(1, '45678901-2', 'Ana Isabel', 'Ramírez Silva', 'Habilitado', '1992-03-14', 'ana.ramirez@gmail.com', '+56934567890', 'Av. Las Condes', '234', 'Santiago', 'Región Metropolitana', 'Casado', 'mySecretPass', 'Asistente de Ventas', 750000.00),
(1, '56789012-3', 'Felipe Ignacio', 'Castro Torres', 'Habilitado', '1987-08-30', 'felipe.castro@gmail.com', '+56945678901', 'Av. La Florida', '123', 'La Florida', 'Región Metropolitana', 'Soltero', 'felipe2023', 'Ejecutivo de Ventas Online', 750000.00),
(1, '67890123-4', 'Camila Alejandra', 'Reyes Vega', 'Habilitado', '1995-09-09', 'camila.reyes@gmail.com', '+56956789012', 'Calle Pajaritos', '4567', 'Maipú', 'Región Metropolitana', 'Viudo', 'camilaPass21', 'Encargado de Logística', 1050000.00),
(1, '78901234-5', 'Rodrigo Andrés', 'Fuentes López', 'Habilitado', '1991-01-11', 'rodrigo.fuentes@gmail.com', '+56967890123', 'Calle Monjitas', '678', 'Santiago', 'Región Metropolitana', 'Casado', 'rodrigoSecure45', 'Encargado de Bodega', 1200000.00),
(1, '89012345-6', 'Isabel Margarita', 'Morales Herrera', 'Habilitado', '1984-12-22', 'isabel.morales@gmail.com', '+56978901234', 'Calle Bilbao', '456', 'Santiago', 'Región Metropolitana', 'Soltero', 'isabelSafe88', 'Asistente de Bodega', 750000.00),
(1, '90123456-7', 'Ricardo Esteban', 'Navarro Pizarro', 'Habilitado', '1983-04-03', 'ricardo.navarro@gmail.com', '+56989012345', 'Av. Apoquindo', '5678', 'Las Condes', 'Región Metropolitana', 'Divorciado', 'ricardo7890', 'Encargado de Ventas', 1200000.00),
(1, '1234567-8', 'Daniela Paz', 'Salazar Peña', 'Habilitado', '1990-10-20', 'daniela.salazar@gmail.com', '+56990123456', 'Calle Holanda', '789', 'Providencia', 'Región Metropolitana', 'Casado', 'danielaPass98', 'Asistente de Logística', 750000.00),
(1, '23456789-1', 'Laura Beatriz', 'Méndez Figueroa', 'Habilitado', '1992-07-14', 'laura.mendez@gmail.com', '+56999887766', 'Av. Irarrázaval', '1122', 'Ñuñoa', 'Región Metropolitana', 'Soltero', 'postventa123', 'Asistente de Servicio Postventa', 800000.00),
(1, '34567890-2', 'Tomás Eduardo', 'Sepúlveda Ríos', 'Finiquitado', '1994-05-20', 'tomas.sepulveda@gmail.com', '+56988776655', 'Calle Seminario', '432', 'Providencia', 'Región Metropolitana', 'Casado', 'postventa321', 'Asistente de Servicio Postventa', 860000.00),
(1, '45678912-3', 'Carolina Andrea', 'Ortiz Fuentes', 'Habilitado', '1989-06-15', 'carolina.ortiz@gmail.com', '+56987654322', 'Calle El Bosque', '2020', 'Santiago', 'Región Metropolitana', 'Soltero', 'carolinaPass99', 'Asistente de Soporte TI', 750000.00),
(1, '56789023-4', 'Eduardo Javier', 'Pérez Gómez', 'Habilitado', '1980-11-02', 'eduardo.perez@gmail.com', '+56998765432', 'Av. Manquehue', '1350', 'Las Condes', 'Región Metropolitana', 'Casado', 'eduardoPass77', 'Subgerente de Operaciones', 1500000.00);


-- Inserción de datos en 'direccion'.
INSERT INTO todotech.direccion (id_cliente, calle, numero, comuna, region, codigo_postal) VALUES
(1, 'Av. Providencia', '1234', 'Providencia', 'Región Metropolitana', '7500000'),
(2, 'Calle Los Leones', '5678', 'Santiago', 'Región Metropolitana', '7510000'),
(3, 'Av. La Florida', '910', 'La Florida', 'Región Metropolitana', '8240000'),
(4, 'Calle Suecia', '234', 'Santiago', 'Región Metropolitana', '8320000'),
(5, 'Av. Matta', '567', 'Santiago', 'Región Metropolitana', NULL),
(6, 'Calle Pajaritos', '8765', 'Maipú', 'Región Metropolitana', '9250000'),
(7, 'Av. Las Condes', '4321', 'Las Condes', 'Región Metropolitana', '7550000'),
(8, 'Calle Monjitas', '678', 'Santiago', 'Región Metropolitana', '8320000'),
(9, 'Av. Irarrázaval', '567', 'Ñuñoa', 'Región Metropolitana', '7750000'),
(10, 'Calle Bilbao', '345', 'Providencia', 'Región Metropolitana', '7500000'),
(11, 'Av. Grecia', '456', 'Ñuñoa', 'Región Metropolitana', NULL),
(12, 'Calle Seminario', '789', 'Providencia', 'Región Metropolitana', '7500000'),
(13, 'Calle Las Torres', '2345', 'Peñalolén', 'Región Metropolitana', '7910000'),
(14, 'Av. Apoquindo', '9876', 'Las Condes', 'Región Metropolitana', '7550000'),
(15, 'Calle Holanda', '567', 'Providencia', 'Región Metropolitana', '7510000'),
(16, 'Av. Independencia', '234', 'Independencia', 'Región Metropolitana', '8380000'),
(17, 'Calle Los Carrera', '3456', 'Quilicura', 'Región Metropolitana', '8700000'),
(18, 'Av. Pajaritos', '789', 'Maipú', 'Región Metropolitana', '9250000'),
(19, 'Calle Balmaceda', '4567', 'Puente Alto', 'Región Metropolitana', '8150000'),
(20, 'Av. Vicuña Mackenna', '123', 'La Florida', 'Región Metropolitana', '8240000'),
(21, 'Calle El Llano', '987', 'San Miguel', 'Región Metropolitana', '8900000'),
(22, 'Av. Santa Rosa', '234', 'La Granja', 'Región Metropolitana', '8780000'),
(23, 'Calle San Pablo', '456', 'Quinta Normal', 'Región Metropolitana', '8500000'),
(24, 'Av. Recoleta', '789', 'Recoleta', 'Región Metropolitana', '8420000'),
(25, 'Calle Irarrázaval', '345', 'Ñuñoa', 'Región Metropolitana', '7750000'),
(1, 'Calle Ricardo Lyon', '3456', 'Providencia', 'Región Metropolitana', NULL),
(3, 'Av. La Florida', '1111', 'La Florida', 'Región Metropolitana', '8240001'),
(5, 'Calle Esmeralda', '876', 'Santiago', 'Región Metropolitana', '8320001'),
(7, 'Av. Kennedy', '4321', 'Las Condes', 'Región Metropolitana', '7550001'),
(10, 'Calle José Miguel Carrera', '6789', 'San Miguel', 'Región Metropolitana', '8900001'),
(12, 'Av. Manuel Montt', '876', 'Providencia', 'Región Metropolitana', '7500002'),
(15, 'Calle Santo Domingo', '2345', 'Santiago', 'Región Metropolitana', '8340002'),
(18, 'Av. 5 de Abril', '567', 'Maipú', 'Región Metropolitana', '9250002'),
(20, 'Calle San Diego', '678', 'Santiago', 'Región Metropolitana', NULL),
(25, 'Calle República', '456', 'Santiago', 'Región Metropolitana', NULL);

-- Inserción de datos en 'descuento_cliente'.
INSERT INTO todotech.descuento_cliente (id_cliente, codigo_descuento, nombre_descuento, descripcion, porcentaje, estado, fecha_inicio, fecha_termino) VALUES
(1, 'DESC10-OCT23', 'Descuento de Bienvenida', '10% de descuento en la primera compra', 10.0, 'Expirado', '2024-10-01 00:00:00', '2024-10-02 23:59:59'),
(3, 'DESC15-BF24', 'Black Friday', '15% de descuento en todos los productos', 15.0, 'Vigente', '2024-12-02 00:00:00', '2024-12-08 23:59:59'),
(5, 'DESC20-FIDELIDAD', 'Cliente Frecuente', '20% de descuento para clientes frecuentes', 20.0, 'Expirado', '2024-05-01 00:00:00', '2024-05-06 23:59:59'),
(8, 'DESC5-NUEVO', 'Descuento Especial', '5% de descuento en cualquier compra', 5.0, 'Expirado', '2024-10-10 00:00:00', '2024-10-17 23:59:59'),
(10, 'DESC25-CYBER24', 'Cyber Monday', '25% de descuento en compras online', 25.0, 'Utilizado', '2024-11-01 00:00:00', '2024-11-02 23:59:59'),
(12, 'DESC30-EXCLUSIVO', 'Descuento Exclusivo', '30% de descuento solo para clientes seleccionados', 30.0, 'Expirado', '2024-06-01 00:00:00', '2024-06-04 23:59:59'),
(15, 'DESC12-VERANO', 'Promoción de Verano', '12% de descuento en productos de temporada', 12.0, 'En espera', '2024-12-01 00:00:00', '2024-12-08 23:59:59'),
(18, 'DESC8-ESPECIAL', 'Descuento Especial', '8% de descuento en cualquier compra', 8.0, 'Utilizado', '2024-10-15 00:00:00', '2024-10-18 23:59:59'),
(20, 'DESC50-UNICO', 'Descuento Único', '50% de descuento en la próxima compra', 50.0, 'Expirado', '2024-04-01 00:00:00', '2024-04-06 23:59:59'),
(23, 'DESC18-PROMO', 'Promoción Especial', '18% de descuento en productos seleccionados', 18.0, 'Vigente', '2024-12-10 00:00:00', '2024-12-31 23:59:59'),
(25, 'DESC40-LIQUIDACION', 'Liquidación de Temporada', '40% de descuento en liquidación de temporada', 40.0, 'En espera', '2024-12-15 00:00:00', '2025-01-05 23:59:59');

-- Inserción de datos en 'proveedor'.
INSERT INTO todotech.proveedor (rut, nombre, email, telefono, calle, numero, comuna, region) VALUES
('76543210-1', 'TechnoHardware Ltda.', 'ventas@technohardware.cl', '+56223456789', 'Av. Los Libertadores', '12345', 'Las Condes', 'Región Metropolitana'),
('12345678-9', 'Hardware Chile S.A.', 'info@hardwarechile.cl', '+56287654321', 'Calle San Francisco', '345', 'Santiago', 'Región Metropolitana'),
('23456789-0', 'Soluciones de Hardware', 'contacto@solucioneshardware.cl', '+5634567890', 'Av. Providencia', '6543', 'Providencia', 'Región Metropolitana'),
('11111111-1', 'Distribuidora de Tecnología', 'ventas@distribuidoratecnologia.cl', '+56999998888', 'Calle Miraflores', '135', 'Recoleta', 'Región Metropolitana'),
('22222222-2', 'Hardware Express', 'info@hardwareexpress.cl', '+56666677777', 'Av. La Dehesa', '123', 'Lo Barnechea', 'Región Metropolitana'),
('33333333-3', 'Inova Hardware', 'ventas@inovahardware.cl', '+56444455555', 'Calle Bellavista', '456', 'Santiago', 'Región Metropolitana'),
('44444444-4', 'ElectroHardware', 'info@electrohardware.cl', '+56333344444', 'Calle Alameda', '789', 'Santiago', 'Región Metropolitana'),
('55555555-5', 'Soluciones Informáticas Ltda.', 'ventas@solucionesinformaticas.cl', '+56222233333', 'Av. Santa María', '2580', 'Vitacura', 'Región Metropolitana'),
('66666666-6', 'Proveedores de Tecnología', 'info@proveedoresdetecnologia.cl', '+56111122222', 'Calle Uruguay', '123', 'Cerro Navia', 'Región Metropolitana'),
('77777777-7', 'Distribuciones de Hardware', 'contacto@distribucioneshardware.cl', '+56888899999', 'Av. Chile', '789', 'Maipú', 'Región Metropolitana'),
('88888888-8', 'TecnoProveedores S.A.', 'ventas@tecnoproveedores.cl', '+5656781234', 'Calle Pajaritos', '654', 'Pudahuel', 'Región Metropolitana'),
('99999999-9', 'Mega Hardware', 'info@megahardware.cl', '+5634569876', 'Calle Las Condes', '321', 'Las Condes', 'Región Metropolitana'),
('14444444-4', 'Red de Hardware Chile', 'ventas@redhardware.cl', '+5645678901', 'Av. Bernardo OHiggins', '1000', 'Santiago', 'Región Metropolitana');

-- Inserción de datos en 'subcategoria_producto'.
INSERT INTO todotech.subcategoria_producto (id_categoria, nombre_subcategoria, descripcion) VALUES 
(1, 'Notebooks', 'Portátiles para uso diario y empresarial.'),
(1, 'Notebooks Gamer', 'Portátiles de alto rendimiento para videojuegos.'),
(1, 'PC Torre', 'Computadoras de escritorio de alta capacidad.'),
(1, 'Base para Notebooks', 'Soportes para mejorar la ventilación de portátiles.'),
(1, 'Dockings', 'Estaciones de conexión para ampliar puertos de portátiles.'),
(1, 'Bolsos y Mochilas', 'Accesorios de transporte para portátiles.'),
(1, 'Softwares', 'Programas y aplicaciones para diferentes usos.'),
(2, 'Placas Madre', 'Componentes principales para ensamblar computadoras.'),
(2, 'CPU', 'Procesadores que funcionan como el cerebro de la computadora.'),
(2, 'Disipador por Aire', 'Sistema de enfriamiento por aire para CPUs.'),
(2, 'Water Cooling', 'Sistema de enfriamiento líquido para computadoras.'),
(2, 'Ventiladores', 'Ventiladores para mantener el flujo de aire en la PC.'),
(2, 'Memorias Ram', 'Memoria de acceso rápido para computadoras.'),
(2, 'Tarjetas Graficas', 'Tarjetas para procesamiento de gráficos y videojuegos.'),
(2, 'PSU / Fuentes de Poder', 'Fuentes de poder para suministrar energía a la PC.'),
(2, 'Gabinetes', 'Estructuras donde se instalan los componentes de una PC.'),
(3, 'Smartphones', 'Teléfonos inteligentes con múltiples funciones.'),
(3, 'Baterias Externas', 'Dispositivos para carga de emergencia de móviles.'),
(3, 'Cargadores', 'Accesorios para recargar dispositivos móviles.'),
(3, 'Carcasa Protectora', 'Fundas protectoras para smartphones.'),
(3, 'Soportes', 'Soportes para colocar dispositivos móviles.'),
(3, 'Laminas de Pantalla', 'Protectores de pantalla para evitar rayones.'),
(3, 'Accesorios Smartphones', 'Variedad de accesorios para teléfonos inteligentes.'),
(4, 'Discos HDD', 'Discos duros para almacenamiento de datos.'),
(4, 'Discos SSD', 'Unidades de estado sólido para almacenamiento rápido.'),
(4, 'Discos M.2 NVME', 'SSD de alto rendimiento con conexión M.2.'),
(4, 'Discos Externos', 'Dispositivos de almacenamiento portátiles.'),
(4, 'Cofres', 'Carcasas para discos duros y SSD.'),
(4, 'Pendrives', 'Dispositivos USB para almacenamiento portátil.'),
(5, 'Telefonos IP', 'Teléfonos que funcionan a través de internet.'),
(5, 'Proyectores', 'Dispositivos de proyección de imagen y video.'),
(5, 'Trituradora de Papeles', 'Máquinas para destruir documentos en papel.'),
(6, 'Asistente de Voz', 'Dispositivos para controlar el hogar con la voz.'),
(6, 'Repetidor WIFI', 'Amplificadores de señal Wi-Fi para mejor cobertura.'),
(6, 'Kit de Vigilancia', 'Equipos para monitoreo de seguridad en el hogar.'),
(6, 'Accesorios Hogar', 'Accesorios inteligentes para el hogar.'),
(7, 'Monitores', 'Pantallas para computadoras y consolas.'),
(7, 'Sillas de Escritorio', 'Sillas ergonómicas para oficina o juegos.'),
(7, 'Webcams', 'Cámaras para videoconferencias y streaming.'),
(7, 'Teclados Gamer', 'Teclados optimizados para videojuegos.'),
(7, 'Mouse Gamer', 'Ratones con alta precisión para gaming.'),
(7, 'Kit Teclado Mouse', 'Paquetes de teclado y mouse combinados.'),
(7, 'Parlantes', 'Altavoces para reproducción de audio.'),
(7, 'Escritorios', 'Mesas de trabajo para oficinas o gaming.'),
(7, 'Audífonos Gamer', 'Auriculares diseñados para videojuegos.'),
(7, 'Alfombras de Escritorio / Mouse Pad', 'Superficies para el uso del mouse.'),
(8, 'Smart TV', 'Televisores inteligentes con acceso a internet.'),
(8, 'Soportes de Pared', 'Soportes para montar televisores en la pared.'),
(8, 'Controles para TV', 'Mandos de control remoto para televisores.'),
(8, 'Equipos de Musica y Audio', 'Sistemas de audio para uso doméstico u oficina.');

-- Inserción de datos en 'rol_empleado'.
INSERT INTO todotech.rol_empleado (nombre_rol) VALUES
('Director Ejecutivo'),
('Asistente de Ventas'),
('Contador'),
('Ejecutivo de Ventas Online'),
('Encargado de Logística'),
('Encargado de Bodega'),
('Asistente de Bodega'),
('Encargado de Ventas'),
('Asistente de Logística'),
('Asistente de Servicio Postventa'),
('Asistente de Soporte TI'),
('Subgerente de Operaciones');

-- Inserción de datos en 'empleado_rol'.
INSERT INTO todotech.empleado_rol (id_empleado, id_rol) VALUES
(1, 1),
(2, 2),
(3, 3),
(4, 2),
(5, 4),
(6, 5),
(7, 6),
(8, 7),
(9, 8),
(10, 9),
(11, 10),
(12, 10),
(13, 11),
(14, 12);

-- Inserción de datos en 'permiso_empleado'.
INSERT INTO todotech.permiso_empleado (nombre_permiso) VALUES
('Gestión de productos: ver_productos - Ver productos disponibles.'),
('Gestión de productos: crear_producto - Crear productos en el inventario.'),
('Gestión de productos: editar_producto - Editar información de productos.'),
('Gestión de productos: eliminar_producto - Eliminar productos del sistema.'),
('Gestión de productos: gestionar_stock - Actualizar stock disponible.'),
('Gestión de productos: duplicar_producto - Duplicar productos en el inventario.'),
('Gestión de productos: ver_detalles_producto - Ver detalles completos del producto.'),
('Gestión de productos: actualizar_precio_producto - Actualizar precio de productos.'),
('Gestión de productos: cambiar_categoria_producto - Cambiar categoría de productos.'),
('Gestión de productos: cambiar_imagen_producto - Cambiar imagen de productos.'),
('Gestión de productos: ver_informacion_adicional_producto - Ver info adicional del producto.'),
('Gestión de productos: ver_comentarios_producto - Ver reseñas y comentarios de productos.'),
('Gestión de pedidos: crear_pedido - Crear nuevos pedidos.'),
('Gestión de pedidos: ver_pedidos - Ver pedidos en el sistema.'),
('Gestión de pedidos: editar_pedido - Editar detalles de pedidos.'),
('Gestión de pedidos: cancelar_pedido - Cancelar pedidos realizados.'),
('Gestión de pedidos: procesar_pago - Procesar pagos y emitir comprobantes.'),
('Gestión de pedidos: generar_factura - Generar facturas o boletas.'),
('Gestión de pedidos: ver_detalles_pedido - Ver detalles de un pedido específico.'),
('Gestión de pedidos: confirmar_pago - Confirmar pagos realizados.'),
('Gestión de pedidos: enviar_pedido - Enviar productos de un pedido.'),
('Gestión de pedidos: gestionar_descuentos - Aplicar descuentos en pedidos.'),
('Gestión de pedidos: ver_historial_pedidos - Ver historial de pedidos realizados.'),
('Gestión de clientes: ver_clientes - Ver información de clientes.'),
('Gestión de clientes: crear_cliente - Crear nuevos clientes.'),
('Gestión de clientes: editar_cliente - Editar datos de clientes.'),
('Gestión de clientes: eliminar_cliente - Eliminar clientes del sistema.'),
('Gestión de clientes: ver_historial_compras - Ver historial de compras de clientes.'),
('Gestión de clientes: bloquear_cliente - Bloquear clientes problemáticos.'),
('Gestión de clientes: recuperar_contrasena_cliente - Recuperar contraseñas de clientes.'),
('Gestión de clientes: asignar_credito_cliente - Asignar créditos a clientes.'),
('Gestión de clientes: suspender_cliente - Suspender cuenta de un cliente.'),
('Gestión de envíos: ver_envios - Ver el estado de los envíos.'),
('Gestión de envíos: gestionar_envios - Gestionar el estado de los envíos.'),
('Gestión de envíos: asignar_envio - Asignar un envío a un pedido.'),
('Gestión de envíos: actualizar_estado_envio - Actualizar el estado del envío.'),
('Gestión de envíos: ver_detalles_envio - Ver detalles completos del envío.'),
('Gestión de envíos: gestionar_reclamos_envios - Gestionar reclamos de los envíos.'),
('Gestión de envíos: reenviar_envio - Reenviar productos de un pedido.'),
('Gestión de empleados: ver_empleados - Ver lista de empleados.'),
('Gestión de empleados: crear_empleado - Crear empleados en el sistema.'),
('Gestión de empleados: editar_empleado - Editar datos de empleados.'),
('Gestión de empleados: eliminar_empleado - Eliminar empleados del sistema.'),
('Gestión de empleados: ver_historial_empleado - Ver historial laboral de empleados.'),
('Gestión de empleados: habilitar_empleado - Activar o desactivar empleados.'),
('Gestión de empleados: asignar_empleado_a_sucursal - Asignar empleados a sucursales.'),
('Gestión de empleados: asignar_rol_empleado - Asignar roles a empleados.'),
('Gestión de roles: ver_roles - Ver roles asignados a empleados.'),
('Gestión de roles: asignar_rol - Asignar o modificar roles de empleados.'),
('Gestión de roles: gestionar_permisos - Gestionar permisos de empleados.'),
('Gestión de roles: eliminar_rol - Eliminar roles de empleados.'),
('Gestión de roles: ver_historial_permisos - Ver historial de permisos otorgados.'),
('Gestión de roles: modificar_rol - Modificar roles y permisos de empleados.'),
('Gestión de inventarios: ver_inventario - Ver el inventario disponible.'),
('Gestión de inventarios: realizar_inventario - Realizar auditorías de inventario.'),
('Gestión de inventarios: ajustar_inventario - Ajustar inventario de forma manual.'),
('Gestión de inventarios: ver_ajustes_inventario - Ver historial de ajustes de inventario.'),
('Gestión de inventarios: trasladar_inventario - Mover inventario entre ubicaciones.'),
('Gestión de inventarios: añadir_inventario - Añadir productos al inventario.'),
('Gestión de inventarios: recibir_inventario - Recibir inventario de proveedores.'),
('Gestión de inventarios: gestionar_inventario_externo - Gestionar inventarios de terceros.'),
('Informes: generar_reportes_ventas - Crear informes de ventas.'),
('Informes: generar_reportes_inventario - Crear informes de inventario.'),
('Informes: analizar_desempeño - Ver y analizar desempeño de ventas.'),
('Informes: ver_reportes_financieros - Generar y ver reportes financieros.'),
('Informes: analizar_comportamiento_cliente - Analizar comportamiento de clientes.'),
('Informes: generar_reportes_fiscalidad - Crear reportes fiscales.'),
('Informes: generar_reportes_marketing - Generar informes de marketing.'),
('Soporte técnico: acceder_soporte - Acceder al soporte técnico.'),
('Soporte técnico: resolver_ticket - Resolver tickets de soporte.'),
('Soporte técnico: acceder_configuracion - Acceder a configuración del sistema.'),
('Soporte técnico: ver_historial_tickets - Ver historial de tickets de soporte.'),
('Soporte técnico: gestionar_prioridad_ticket - Cambiar prioridad de tickets.'),
('Soporte técnico: configurar_soporte - Configurar sistema de soporte.'),
('Administración: acceso_total - Acceder y gestionar todo el sistema.'),
('Administración: gestionar_backups - Gestionar copias de seguridad del sistema.'),
('Administración: ver_logs_sistema - Ver registros del sistema.'),
('Administración: configurar_sistema - Configurar sistema.'),
('Administración: gestionar_alertas_sistema - Gestionar alertas del sistema.'),
('Marketing: crear_campana_marketing - Crear campañas de marketing.'),
('Marketing: ver_resultados_campaña - Ver resultados de campañas de marketing.'),
('Marketing: gestionar_descuentos - Gestionar descuentos en productos.'),
('Auditoría: ver_auditoria_sistema - Ver auditoría del sistema.'),
('Auditoría: auditar_pedidos - Auditar pedidos realizados.'),
('Auditoría: auditar_clientes - Auditar datos y actividad de clientes.'),
('Integraciones externas: integrar_sistema_externo - Integrar sistemas externos.'),
('Integraciones externas: ver_integraciones - Ver el estado de integraciones.'),
('Integraciones externas: gestionar_integraciones - Gestionar integraciones del sistema.');

-- Inserción de datos en 'rol_permiso'.
INSERT INTO todotech.rol_permiso (id_rol, id_permiso) VALUES
(1, 74),
(2, 13),
(2, 14),
(2, 15),
(2, 16),
(2, 17),
(2, 18),
(2, 19),
(2, 20),
(2, 22),
(2, 23),
(2, 25),
(2, 26),
(2, 27),
(3, 18),
(3, 20),
(3, 64),
(3, 56),
(3, 59),
(3, 71),
(4, 13),
(4, 14),
(4, 15),
(4, 16),
(4, 17),
(4, 18),
(4, 19),
(4, 20),
(4, 22),
(4, 23),
(4, 25),
(4, 26),
(4, 27),
(4, 56),
(4, 60),
(5, 33),
(5, 34),
(5, 35),
(5, 36),
(5, 37),
(5, 38),
(5, 53),
(5, 54),
(5, 55),
(5, 56),
(5, 57),
(5, 58),
(5, 59),
(6, 53),
(6, 54),
(6, 55),
(6, 57),
(6, 58),
(6, 59),
(7, 53),
(7, 55),
(7, 57),
(8, 13),
(8, 14),
(8, 15),
(8, 16),
(8, 17),
(8, 18),
(8, 19),
(8, 20),
(8, 21),
(8, 22),
(8, 23),
(8, 25),
(8, 26),
(8, 27),
(8, 28),
(8, 29),
(8, 30),
(9, 33),
(9, 35),
(9, 36),
(10, 25),
(10, 29),
(10, 33),
(10, 38),
(10, 39),
(11, 2),
(11, 3),
(11, 5),
(11, 6),
(11, 7),
(11, 8),
(11, 9),
(11, 10),
(11, 11),
(11, 12),
(11, 65),
(11, 66),
(11, 68),
(12, 33),
(12, 34),
(12, 36),
(12, 53),
(12, 54),
(12, 25),
(12, 26);

-- Inserción de datos en 'imagen_empleado'.
INSERT INTO todotech.imagen_empleado (id_empleado, ruta_imagen) VALUES
(1, 'D:\\imagenes\\empleados\\Alvaro Ernesto Araya Sanchez 12345678-9\\imagen1'),
(2, 'D:\\imagenes\\empleados\\María José González Rojas 23456789-0\\imagen1'),
(2, 'D:\\imagenes\\empleados\\María José González Rojas 23456789-0\\imagen2'),
(3, 'D:\\imagenes\\empleados\\Juan Pablo López Diaz 34567890-1\\imagen1'),
(4, 'D:\\imagenes\\empleados\\Ana Isabel Ramírez Silva 45678901-2\\imagen1'),
(5, 'D:\\imagenes\\empleados\\Felipe Ignacio Castro Torres 56789012-3\\imagen1'),
(5, 'D:\\imagenes\\empleados\\Felipe Ignacio Castro Torres 56789012-3\\imagen2'),
(6, 'D:\\imagenes\\empleados\\Camila Alejandra Reyes Vega 67890123-4\\imagen1'),
(7, 'D:\\imagenes\\empleados\\Rodrigo Andrés Fuentes López 78901234-5\\imagen1'),
(8, 'D:\\imagenes\\empleados\\Isabel Margarita Morales Herrera 89012345-6\\imagen1'),
(8, 'D:\\imagenes\\empleados\\Isabel Margarita Morales Herrera 89012345-6\\imagen2'),
(9, 'D:\\imagenes\\empleados\\Ricardo Esteban Navarro Pizarro 90123456-7\\imagen1'),
(10, 'D:\\imagenes\\empleados\\Daniela Paz Salazar Peña 1234567-8\\imagen1'),
(11, 'D:\\imagenes\\empleados\\Laura Beatriz Méndez Figueroa 23456789-1\\imagen1'),
(12, 'D:\\imagenes\\empleados\\Tomás Eduardo Sepúlveda Ríos 34567890-2\\imagen1'),
(12, 'D:\\imagenes\\empleados\\Tomás Eduardo Sepúlveda Ríos 34567890-2\\imagen2'),
(13, 'D:\\imagenes\\empleados\\Carolina Andrea Ortiz Fuentes 45678912-3\\imagen1'),
(14, 'D:\\imagenes\\empleados\\Eduardo Javier Pérez Gómez 56789023-4\\imagen1');

-- Inserción de datos en 'envio'.
INSERT INTO todotech.envio (estado_envio, fecha_empaquetado, fecha_enviado, fecha_entregado) VALUES
('Pedido Recibido', NULL, NULL, NULL),
('En Preparación', NULL, NULL, NULL),
('En Tránsito', NULL, NULL, NULL),
('Enviado', NULL, NULL, NULL),
('Entregado', NULL, NULL, NULL),
('En Preparación', NULL, NULL, NULL),
('Pedido Recibido', NULL, NULL, NULL),
('Entregado', NULL, NULL, NULL),
('En Tránsito', NULL, NULL, NULL),
('Enviado', NULL, NULL, NULL),
('Enviado', NULL, NULL, NULL);

-- Inserción de datos en 'boleta_factura'.
INSERT INTO todotech.boleta_factura (tipo) VALUES
('Boleta'),
('Boleta'),
('Factura'),
('Boleta'),
('Factura'),
('Boleta'),
('Factura'),
('Boleta'),
('Boleta'),
('Boleta'),
('Boleta');

-- Inserción de datos en 'producto'.
INSERT INTO todotech.producto (id_subcategoria, id_marca, nombre_producto, descripcion, sku, stock, estado, precio) VALUES
(1, 11, 'Notebook ASUS VivoBook 15', 'Laptop ASUS VivoBook de 15.6 pulgadas, procesador Intel Core i5, 8GB RAM, 512GB SSD.', 'ASUSVIVOBK15', 10, 'En stock', 599900.00),
(1, 37, 'Notebook Acer Aspire 5', 'Laptop Acer Aspire 5 con pantalla Full HD de 15.6 pulgadas, procesador Intel i5 y 8GB RAM.', 'ACERASPIRE5', 8, 'En stock', 649900.00),
(1, 39, 'Notebook HP Pavilion 14', 'Laptop HP Pavilion con pantalla de 14 pulgadas, procesador Intel Core i7, 16GB RAM y 1TB HDD.', 'HPPAVILION14', 12, 'En stock', 749900.00),
(2, 11, 'Notebook Gamer ASUS ROG Strix G15', 'Notebook gamer ASUS ROG Strix G15 con procesador AMD Ryzen 9, 16GB RAM, 1TB SSD y tarjeta gráfica NVIDIA RTX 3070.', 'ASUSROGSTRIXG15', 10, 'En stock', 1499900.00),
(2, 12, 'Notebook Gamer MSI GE76 Raider', 'Notebook gamer MSI GE76 Raider con procesador Intel i9, 32GB RAM, 1TB SSD y tarjeta gráfica NVIDIA RTX 3080.', 'MSIGE76RAIDER', 5, 'En stock', 2499900.00),
(3, 5, 'PC Torre Corsair Vengeance', 'PC Torre Corsair Vengeance con procesador Intel i7, 32GB RAM, 1TB SSD, y tarjeta gráfica NVIDIA RTX 3070.', 'CORSAIRVENDETTA', 15, 'En stock', 1799900.00),
(3, 12, 'PC Torre MSI MAG Infinite X', 'PC Torre MSI MAG Infinite X con procesador AMD Ryzen 7, 16GB RAM, 512GB SSD y tarjeta gráfica NVIDIA RTX 3060.', 'MSIMAGX', 8, 'En stock', 1599900.00),
(4, 16, 'Base para Notebook Logitech Cooling Pad N200', 'Base de enfriamiento para notebook con ventilador silencioso y ajuste de inclinación.', 'LOGICPADN200', 20, 'En stock', 29990.00),
(4, 41, 'Base para Notebook Lenovo ThinkPad Stand', 'Soporte ergonómico para mejorar la postura y reducir el calor en notebooks ThinkPad.', 'LENOTHNKSTND', 12, 'En stock', 45990.00),
(4, 12, 'Base para Notebook MSI Air Support', 'Base de aluminio con ventilación activa para laptops gaming MSI.', 'MSIAIRSUP', 8, 'En stock', 54990.00),
(5, 41, 'Docking Station Lenovo ThinkPad USB-C', 'Estación de conexión universal con puertos USB-C, HDMI, y Ethernet para notebooks.', 'LNVDCKUSB-C', 15, 'En stock', 89990.00),
(5, 8, 'Docking Samsung Multiport USB-C', 'Docking portátil de Samsung con múltiples puertos para conectar dispositivos periféricos.', 'SSGMULTUSBC', 10, 'En stock', 65990.00),
(6, 17, 'Mochila Gamer Razer', 'Mochila ergonómica para portátiles hasta 15 pulgadas, con múltiples compartimientos.', 'RZRBCKPCK15', 12, 'En stock', 79990.00),
(6, 5, 'Bolso Corsair Portátil', 'Bolso resistente al agua con acolchado interno para notebooks.', 'CRSRBAG', 8, 'En stock', 65990.00),
(6, 30, 'Mochila Apple Urban', 'Mochila para MacBooks de hasta 16 pulgadas, con diseño minimalista.', 'APLURBMBK16', 0, 'Agotado', 109990.00),
(7, 3, 'Software NVIDIA Studio', 'Software de edición profesional para creadores de contenido.', 'NVDSTDIO', 25, 'En stock', 49990.00),
(7, 1, 'Software AMD Radeon Pro', 'Aplicación para optimización y configuración de gráficos AMD.', 'AMDRADPRO', 30, 'En stock', 42990.00),
(7, 29, 'D-Link Network Manager', 'Software para administración avanzada de redes D-Link.', 'DLKNTWRKMNGR', 18, 'En stock', 35990.00),
(8, 11, 'ASUS ROG Strix B550', 'Placa madre de alto rendimiento compatible con procesadores AMD.', 'ASUSB550STRX', 7, 'En stock', 159990.00),
(8, 12, 'MSI Z490-A Pro', 'Placa base con chipset Z490 de MSI para procesadores Intel.', 'MSIZ490APRO', 5, 'En stock', 139990.00),
(8, 13, 'Gigabyte A520M DS3H', 'Placa madre económica de Gigabyte, ideal para ensamblajes básicos.', 'GBTA520MDS3H', 10, 'En stock', 109990.00),
(9, 1, 'Procesador AMD Ryzen 5 5600X', 'Procesador de seis núcleos ideal para gaming y multitarea.', 'AMDRYZ5600X', 20, 'En stock', 229990.00),
(9, 2, 'Procesador Intel Core i5-10400F', 'CPU Intel de décima generación, optimizado para tareas de oficina.', 'INTCOREI510400F', 15, 'En stock', 169990.00),
(9, 3, 'NVIDIA Jetson Nano', 'Unidad de procesamiento para proyectos de inteligencia artificial.', 'NVDJTNNANO', 5, 'En stock', 259990.00),
(10, 25, 'Noctua NH-D15', 'Disipador de aire de alto rendimiento para CPUs.', 'NCTUANHD15', 10, 'En stock', 99990.00),
(10, 19, 'Deepcool Gammaxx 400', 'Disipador por aire con ventilador de 120 mm.', 'DCPGMMX400', 18, 'En stock', 39990.00),
(10, 20, 'Toshiba Silent Fan 120', 'Ventilador de baja emisión sonora para CPUs y sistemas de enfriamiento.', 'TSHSF120', 0, 'Agotado', 24990.00),
(11, 14, 'EVGA CLC 240mm', 'Sistema de refrigeración líquida de alto rendimiento con iluminación RGB.', 'EVGACLC240', 12, 'En stock', 139990.00),
(11, 19, 'Deepcool Castle 360EX', 'Refrigeración líquida de 360mm con diseño RGB y alto rendimiento.', 'DPCLCASTLE360EX', 8, 'En stock', 154990.00),
(11, 25, 'Noctua NH-U12S', 'Sistema de refrigeración líquida compacto para alto rendimiento y bajo ruido.', 'NOCNHU12S', 5, 'En stock', 129990.00),
(12, 25, 'Noctua NF-A12x25', 'Ventilador de 120 mm de bajo ruido y alta eficiencia.', 'NCTUNFA1225', 20, 'En stock', 24990.00),
(12, 19, 'Deepcool RF120', 'Ventilador RGB de 120mm para mejorar la ventilación.', 'DPCLRF120', 18, 'En stock', 14990.00),
(12, 5, 'Corsair LL120 RGB', 'Ventilador de alto rendimiento de 120mm con iluminación RGB.', 'CRLL120RGB', 25, 'En stock', 29990.00),
(13, 7, 'Kingston HyperX Fury 16GB DDR4', 'Memoria RAM de 16GB DDR4 para alto rendimiento.', 'KNGHXFRY16GB', 23, 'En stock', 89990.00),
(13, 6, 'G.Skill Ripjaws V 32GB DDR4', 'Memoria RAM DDR4 de 32GB para alto rendimiento en juegos y aplicaciones.', 'GSKLRJP32GB', 15, 'En stock', 159990.00),
(13, 26, 'Crucial Ballistix 16GB DDR4', 'Memoria RAM de 16GB DDR4 con latencia optimizada.', 'CRCBALL16GB', 10, 'En stock', 79990.00),
(14, 3, 'NVIDIA GeForce RTX 3060', 'Tarjeta gráfica de última generación para gaming y trabajo profesional.', 'NVDGRTX3060', 15, 'En stock', 349990.00),
(14, 13, 'Gigabyte Radeon RX 6700 XT', 'Tarjeta gráfica para juegos y aplicaciones de alto rendimiento.', 'GBRX6700XT', 9, 'En stock', 399990.00),
(14, 12, 'MSI GeForce GTX 1660 Super', 'Tarjeta gráfica con gran rendimiento a un precio accesible.', 'MSIGTX1660S', 12, 'En stock', 279990.00),
(15, 15, 'Seasonic Focus GX-750', 'Fuente de poder de 750W certificada 80+ Gold.', 'SEAFGX750', 14, 'En stock', 119990.00),
(15, 5, 'Corsair RM750x', 'Fuente de poder de 750W modular con certificación 80+ Gold.', 'CSRRM750X', 20, 'En stock', 109990.00),
(15, 14, 'EVGA 600 W1', 'Fuente de poder de 600W con certificación 80+ White.', 'EVGA600W1', 18, 'En stock', 59990.00),
(16, 13, 'Gigabyte Aorus AC300W', 'Gabinete de torre mediana con iluminación RGB.', 'GGAAC300W', 20, 'En stock', 109990.00),
(16, 8, 'Samsung Odyssey G7', 'Gabinete gaming con diseño ergonómico.', 'SODG7CAB', 12, 'En stock', 129990.00),
(16, 1, 'AMD Gaming Tower', 'Gabinete de alto rendimiento para sistemas gaming.', 'AMDGMTWR', 8, 'En stock', 149990.00),
(17, 28, 'Motorola Moto G Power', 'Smartphone con batería de larga duración y cámara triple.', 'MTGPOWER', 25, 'En stock', 199990.00),
(17, 35, 'Master G Note Pro', 'Smartphone con pantalla grande y buen rendimiento.', 'MSTGNOTE', 15, 'En stock', 249990.00),
(17, 34, 'Huawei P30 Lite', 'Smartphone con cámara de alta calidad y almacenamiento ampliable.', 'HWPP30LT', 20, 'En stock', 219990.00),
(18, 16, 'Logitech PowerBank 10000mAh', 'Batería externa de 10000mAh para carga rápida.', 'LGTPWRBNK10K', 30, 'En stock', 49990.00),
(18, 24, 'SanDisk Ultra Power 20000mAh', 'Batería externa de 20000mAh de alta capacidad.', 'SNDKPWR20K', 22, 'En stock', 69990.00),
(18, 30, 'Apple Power Bank 15000mAh', 'Batería externa de carga rápida para dispositivos Apple.', 'APLPWRBNK15K', 18, 'En stock', 99990.00),
(19, 30, 'Apple MagSafe Charger', 'Cargador inalámbrico con tecnología MagSafe.', 'APLMGSFCHRG', 15, 'En stock', 59990.00),
(19, 33, 'TP-Link Quick Charge 3.0', 'Cargador rápido con tecnología Quick Charge 3.0.', 'TPLNKCHRG3', 25, 'En stock', 39990.00),
(19, 34, 'Huawei SuperCharge', 'Cargador rápido para dispositivos Huawei.', 'HWSPCHRG', 20, 'En stock', 49990.00),
(20, 29, 'DLink Shockproof Case', 'Carcasa resistente a golpes para smartphones.', 'DLNKSHKCS', 40, 'En stock', 14990.00),
(20, 32, 'Spektra Clear Case', 'Carcasa transparente con protección contra caídas.', 'SPKCLCASE', 35, 'En stock', 19990.00),
(20, 31, 'Philips Slim Case', 'Carcasa delgada y ligera para protección básica.', 'PHLSLMCS', 25, 'En stock', 9990.00),
(21, 1, 'AMD Desk Mount', 'Soporte de escritorio ajustable para monitores y dispositivos.', 'AMDDKMNT', 15, 'En stock', 39990.00),
(21, 24, 'SanDisk Universal Stand', 'Soporte universal para teléfonos y tablets.', 'SNDSKUNVSTND', 20, 'En stock', 19990.00),
(21, 33, 'TP-Link Phone Holder', 'Soporte ajustable para teléfono de fácil instalación.', 'TPLNKPHHLD', 25, 'En stock', 14990.00),
(22, 32, 'Spektra Screen Protector', 'Protector de pantalla de alta calidad para smartphones.', 'SPKSCRPRT', 50, 'En stock', 4990.00),
(22, 31, 'Philips Glass Shield', 'Protector de pantalla de vidrio templado.', 'PHLGLSHLD', 40, 'En stock', 8990.00),
(22, 30, 'Apple Display Guard', 'Protector de pantalla para iPhone con ajuste perfecto.', 'APLDSGRD', 30, 'En stock', 14990.00),
(23, 17, 'Razer Phone Cooler', 'Enfriador de teléfono diseñado para sesiones largas.', 'RZRPCLLR', 12, 'En stock', 29990.00),
(23, 8, 'Samsung Galaxy Buds', 'Auriculares inalámbricos con gran calidad de sonido.', 'SMSGALBDS', 18, 'En stock', 129990.00),
(23, 34, 'Huawei Selfie Stick', 'Palo selfie con conexión Bluetooth.', 'HWSELFSTK', 35, 'En stock', 19990.00),
(24, 10, 'Seagate Barracuda 2TB', 'Disco duro de 2TB con rendimiento optimizado.', 'SGTBAR2TB', 25, 'En stock', 79990.00),
(24, 9, 'Western Digital Blue 1TB', 'Disco duro de 1TB para almacenamiento general.', 'WDBLUE1TB', 20, 'En stock', 59990.00),
(24, 20, 'Toshiba P300 1TB', 'Disco duro de 1TB de alto rendimiento.', 'TSP3001TB', 15, 'En stock', 69990.00),
(25, 8, 'Samsung 870 EVO 500GB', 'Unidad SSD de 500GB con tecnología de almacenamiento avanzada.', 'SMSGEVO500', 30, 'En stock', 89990.00),
(25, 26, 'Crucial MX500 1TB', 'SSD de 1TB con alta velocidad de transferencia de datos.', 'CRMX5001TB', 12, 'En stock', 149990.00),
(25, 24, 'SanDisk Extreme 250GB', 'SSD portátil con alta velocidad y resistencia.', 'SNDKEXT250', 18, 'En stock', 59990.00),
(26, 8, 'Samsung 970 EVO Plus 500GB', 'SSD M.2 NVMe de 500GB con gran velocidad de transferencia.', 'SMSG970EVO500', 20, 'En stock', 129990.00),
(26, 26, 'Crucial P5 Plus 1TB', 'SSD NVMe M.2 de 1TB con velocidad de lectura y escritura mejorada.', 'CRP5PLUS1TB', 15, 'En stock', 159990.00),
(26, 24, 'SanDisk Ultra M.2 NVME 256GB', 'SSD M.2 de 256GB de alta velocidad.', 'SNDKULTRA256', 30, 'En stock', 74990.00),
(27, 10, 'Seagate Expansion 2TB', 'Disco externo de 2TB para almacenamiento adicional.', 'SGTEXP2TB', 25, 'En stock', 99990.00),
(27, 9, 'Western Digital Elements 1TB', 'Disco duro portátil de 1TB.', 'WDELEM1TB', 18, 'En stock', 74990.00),
(27, 20, 'Toshiba Canvio Basics 1TB', 'Unidad portátil de almacenamiento de 1TB.', 'TSBCANVIO1TB', 12, 'En stock', 69990.00),
(28, 5, 'Corsair Enclosure 2.5"', 'Cofre para discos duros de 2.5" SATA.', 'CRSRENC25', 40, 'En stock', 39990.00),
(28, 13, 'Gigabyte External Enclosure', 'Cofre para discos externos con soporte USB 3.0.', 'GBYTEEXTENC', 35, 'En stock', 49990.00),
(28, 15, 'Seasonic Hard Drive Enclosure', 'Cofre externo para discos duros de 3.5".', 'SNSCENC35', 25, 'En stock', 44990.00),
(29, 24, 'SanDisk Ultra 64GB', 'Pendrive USB 3.0 de 64GB con alta velocidad de transferencia.', 'SNDKULT64', 60, 'En stock', 19990.00),
(29, 7, 'Kingston DataTraveler 128GB', 'Pendrive de 128GB para almacenamiento portátil.', 'KNGDT128', 50, 'En stock', 29990.00),
(29, 27, 'XPG USB Flash Drive 32GB', 'Pendrive USB de 32GB con diseño compacto.', 'XPGUSB32', 70, 'En stock', 9990.00),
(30, 34, 'Huawei IP Phone 7800', 'Teléfono IP con pantalla y funcionalidades avanzadas.', 'HWIPPH7800', 15, 'En stock', 129990.00),
(30, 29, 'DLink IP Phone DPH-400SE', 'Teléfono IP con soporte de llamadas HD.', 'DLNKDPH400', 12, 'En stock', 109990.00),
(30, 31, 'Philips VoIP Phone', 'Teléfono VoIP con calidad de llamada mejorada.', 'PHLVOIP', 20, 'En stock', 99990.00),
(31, 18, 'BenQ MH733', 'Proyector Full HD para oficinas y presentaciones.', 'BNQMH733', 10, 'En stock', 399990.00),
(31, 32, 'Spektra Projector S1', 'Proyector portátil con resolución HD.', 'SPKPROJS1', 15, 'En stock', 299990.00),
(31, 33, 'TP-Link Smart Projector', 'Proyector inteligente con conectividad Wi-Fi.', 'TPLKSMARTP', 8, 'En stock', 359990.00),
(32, 35, 'Master G Shredder 5', 'Trituradora de papel con capacidad para 5 hojas.', 'MSTRGSHRD5', 20, 'En stock', 69990.00),
(32, 40, 'Kensington Shredder', 'Trituradora compacta para oficina.', 'KNSGSHRD', 25, 'En stock', 59990.00),
(32, 31, 'Philips Crosscut Shredder', 'Trituradora de papel con sistema de corte cruzado.', 'PHLCRSCT', 15, 'En stock', 79990.00),
(33, 36, 'Xiaomi Mi AI Speaker', 'Altavoz con asistente de voz integrado.', 'XMMIAISPK', 18, 'En stock', 129990.00),
(33, 30, 'Apple HomePod Mini', 'Altavoz inteligente con asistente Siri.', 'APLHOMEPODM', 22, 'En stock', 149990.00),
(33, 28, 'Motorola Voice Assistant', 'Asistente de voz con integración para hogar.', 'MOTRASSIST', 10, 'En stock', 99990.00),
(34, 33, 'TP-Link WiFi Range Extender', 'Repetidor de señal Wi-Fi con gran cobertura.', 'TPLNKREXT', 30, 'En stock', 39990.00),
(34, 36, 'Xiaomi Mi WiFi Repeater', 'Repetidor Wi-Fi de fácil configuración.', 'XMIWIFREP', 40, 'En stock', 29990.00),
(34, 29, 'DLink WiFi Extender', 'Amplificador de señal Wi-Fi con conexión rápida.', 'DLNKEXT', 20, 'En stock', 34990.00),
(35, 34, 'Huawei Security Kit', 'Kit de seguridad para monitoreo de hogares.', 'HWSECKIT', 12, 'En stock', 199990.00),
(35, 37, 'Acer Home Surveillance Kit', 'Sistema de vigilancia para hogar.', 'ACRHSVRKT', 8, 'En stock', 229990.00),
(35, 33, 'TP-Link Surveillance Kit', 'Kit de cámaras de seguridad para monitoreo.', 'TPLNSRVLKT', 10, 'En stock', 179990.00),
(36, 31, 'Philips Smart Bulb', 'Bombilla inteligente controlable por app.', 'PHLSMBLB', 50, 'En stock', 24990.00),
(36, 33, 'TP-Link Smart Plug', 'Enchufe inteligente con control remoto.', 'TPLKSMRTPLG', 45, 'En stock', 19990.00),
(36, 35, 'Master G Thermostat', 'Termostato inteligente para control de temperatura.', 'MSTGTHERMO', 30, 'En stock', 99990.00),
(37, 11, 'ASUS VG248QG', 'Monitor gaming de 24 pulgadas con 165Hz.', 'ASUSVG248QG', 12, 'En stock', 199990.00),
(37, 38, 'Dell UltraSharp 27', 'Monitor de 27 pulgadas con resolución 4K.', 'DLLULTR27', 10, 'En stock', 249990.00),
(37, 18, 'BenQ EW3270U', 'Monitor 4K de 32 pulgadas con HDR.', 'BNQEW3270U', 8, 'En stock', 299990.00),
(38, 21, 'Redragon Gaming Chair', 'Silla ergonómica para largas sesiones de juego.', 'RDRGCHAIR', 20, 'En stock', 149990.00),
(38, 35, 'Master G Ergonomic Chair', 'Silla de escritorio con soporte lumbar.', 'MSTRGCHRG', 25, 'En stock', 99990.00),
(38, 17, 'Razer Iskur X', 'Silla gaming con diseño ergonómico.', 'RZRISKURX', 15, 'En stock', 229990.00),
(39, 16, 'Logitech C920', 'Cámara web Full HD para streaming y videollamadas.', 'LGTCHC920', 30, 'En stock', 89990.00),
(39, 15, 'Seasonic StreamCam', 'Cámara web HD para videoconferencias.', 'SSCSTREAM', 20, 'En stock', 69990.00),
(39, 32, 'Spektra HD Webcam', 'Cámara web con resolución HD.', 'SPKHDWCAM', 25, 'En stock', 49990.00),
(40, 16, 'Logitech G413 Carbon', 'Teclado mecánico con switches Romer-G.', 'LGTG413', 18, 'En stock', 109990.00),
(40, 17, 'Razer BlackWidow V3', 'Teclado mecánico RGB para gamers.', 'RZRBLKWV3', 15, 'En stock', 139990.00),
(40, 21, 'Redragon Kumara', 'Teclado mecánico compacto con retroiluminación RGB.', 'RDRGKUMARA', 25, 'En stock', 59990.00),
(41, 16, 'Logitech G502 HERO', 'Ratón gaming de alto rendimiento.', 'LGTG502', 20, 'En stock', 74990.00),
(41, 17, 'Razer DeathAdder V2', 'Ratón gaming con sensor óptico avanzado.', 'RZRDTADV2', 15, 'En stock', 89990.00),
(41, 21, 'Redragon M711 Cobra', 'Ratón gaming con iluminación RGB.', 'RDRGM711', 30, 'En stock', 39990.00),
(42, 16, 'Logitech Combo MK120', 'Kit de teclado y mouse inalámbrico Logitech MK120.', 'LOGMK120', 25, 'En stock', 29990.00),
(42, 17, 'Razer DeathAdder Elite Combo', 'Kit Razer con teclado mecánico y mouse ergonómico.', 'RZRDEATHCOMBO', 20, 'En stock', 79990.00),
(42, 11, 'ASUS ROG Strix Combo', 'Combo de teclado mecánico y mouse RGB para gamers.', 'ASUSROGCOMBO', 15, 'En stock', 74990.00),
(43, 16, 'Logitech Z313 Speaker System', 'Sistema de parlantes con subwoofer y control de volumen.', 'LOGZ313', 30, 'En stock', 49990.00),
(43, 17, 'Razer Nommo Chroma Speakers', 'Parlantes para gamers con iluminación RGB y sonido envolvente.', 'RAZERNOMMO', 20, 'En stock', 89990.00),
(43, 18, 'BenQ ZOWIE Audio', 'Parlantes compactos de alta fidelidad para PC y consolas.', 'BENQZOWIE', 18, 'En stock', 69990.00),
(44, 37, 'Acer Gaming Desk Pro', 'Escritorio de escritorio ergonómico y espacioso para gaming.', 'ACERGAMINGDESK', 12, 'En stock', 129990.00),
(44, 38, 'Dell Office Desk', 'Escritorio de oficina profesional con amplias superficies.', 'DELLDESK', 15, 'En stock', 99990.00),
(44, 40, 'Kensington Adjustable Desk', 'Escritorio ajustable para oficina o gaming.', 'KENSINGTONADJ', 10, 'En stock', 84990.00),
(45, 17, 'Razer Kraken V3', 'Auriculares con sonido envolvente 7.1 y micrófono ajustable.', 'RAZKRK3', 20, 'En stock', 89990.00),
(45, 16, 'Logitech G Pro X', 'Auriculares gaming con cancelación de ruido y audio de alta calidad.', 'LOGGPROX', 25, 'En stock', 109990.00),
(45, 11, 'ASUS ROG Delta S', 'Auriculares gaming de alta calidad con sonido espacial 3D.', 'ASUSROGDELTA', 15, 'En stock', 119990.00),
(46, 16, 'Logitech G640 Gaming Mouse Pad', 'Alfombrilla de mouse grande y suave para juegos.', 'LOGG640', 30, 'En stock', 24990.00),
(46, 17, 'Razer Goliathus Extended', 'Mousepad extendido con superficie controlada para alta precisión.', 'RAZERGOLIATHUS', 20, 'En stock', 39990.00),
(46, 18, 'BenQ ZOWIE G-SR', 'Mousepad con superficie de alta velocidad y precisión para gamers.', 'BENQGSR', 25, 'En stock', 29990.00),
(47, 8, 'Samsung QLED 4K Smart TV', 'Televisor inteligente QLED con resolución 4K y Smart Hub.', 'SAMQLED4K', 15, 'En stock', 599990.00),
(47, 8, 'Samsung OLED 65" Smart TV', 'Smart TV OLED con resolución 4K y acceso a streaming.', 'SMOLED65', 10, 'En stock', 1299990.00),
(47, 36, 'Xiaomi Mi TV 4A', 'Televisor inteligente de 43" con Android TV y Chromecast.', 'XMIMI43A', 18, 'En stock', 299990.00),
(48, 11, 'ASUS TV Wall Mount', 'Soporte de pared ajustable para televisores hasta 55".', 'ASUSTVWALL', 25, 'En stock', 49990.00),
(48, 13, 'Gigabyte TV Wall Bracket', 'Soporte universal para TV de 32" a 55".', 'GIGABYTEWALL', 20, 'En stock', 39990.00),
(48, 16, 'Logitech Wall Mount Stand', 'Soporte de pared para televisores de hasta 50".', 'LOGWALLSTAND', 30, 'En stock', 59990.00),
(49, 16, 'Logitech Harmony Elite Remote', 'Control remoto universal inteligente con pantalla táctil.', 'LOGHARMONYELITE', 25, 'En stock', 149990.00),
(49, 39, 'HP Smart Remote', 'Control remoto inteligente compatible con Smart TVs y dispositivos.', 'HPSMARTREMOTE', 20, 'En stock', 79990.00),
(49, 40, 'Kensington TV Remote Pro', 'Control remoto universal con funciones de programación avanzada.', 'KENSTVREMOTE', 18, 'En stock', 69990.00),
(50, 16, 'Logitech Z906 Surround Sound System', 'Sistema de sonido envolvente 5.1 con 500W de potencia.', 'LOGZ906', 12, 'En stock', 249990.00),
(50, 19, 'Deepcool Audio Vibe 2.1', 'Sistema de altavoces 2.1 para PC con bajos potentes.', 'DEEPVIBE21', 10, 'En stock', 129990.00),
(50, 13, 'Gigabyte SoundBar X100', 'Barra de sonido con conectividad Bluetooth y entradas AUX.', 'GIGSOUNDX100', 15, 'En stock', 89990.00);

-- Inserción de datos en 'descuento_producto'.
INSERT INTO todotech.descuento_producto (id_producto, codigo_descuento, nombre_descuento, descripcion, porcentaje, estado, fecha_inicio, fecha_termino) VALUES
(1, 'DSCTO_ASUS15', 'Descuento ASUS VivoBook', 'Descuento especial para la compra de la laptop ASUS VivoBook 15.', 10.0, 'Vigente', '2024-11-10 00:00:00', '2024-11-30 23:59:59'),
(6, 'DSCTO_RZRMOCHILA', 'Descuento Mochila Gamer Razer', 'Descuento en la mochila gamer Razer para portátiles.', 15.0, 'Vigente', '2024-11-10 00:00:00', '2024-11-30 23:59:59'),
(10, 'DSCTO_DEEPCOOL400', 'Descuento Deepcool Gammaxx 400', 'Descuento en el disipador por aire Deepcool Gammaxx 400.', 12.0, 'Vigente', '2024-11-10 00:00:00', '2024-11-30 23:59:59'),
(17, 'DSCTO_MOTOROLAMOTO', 'Descuento Moto G Power', 'Descuento en el smartphone Motorola Moto G Power.', 8.0, 'Vigente', '2024-11-10 00:00:00', '2024-11-30 23:59:59'),
(19, 'DSCTO_TPLNKCHRG', 'Descuento Cargador TP-Link', 'Descuento en el cargador rápido TP-Link Quick Charge 3.0.', 5.0, 'Vigente', '2024-11-10 00:00:00', '2024-11-30 23:59:59'),
(25, 'DSCTO_CRUCIALSSD', 'Descuento SSD Crucial MX500', 'Descuento en el SSD Crucial MX500 1TB.', 10.0, 'Vigente', '2024-11-10 00:00:00', '2024-11-30 23:59:59'),
(34, 'DSCTO_XMIMIWIFI', 'Descuento Xiaomi Mi WiFi Repeater', 'Descuento en el repetidor Wi-Fi Xiaomi Mi.', 7.0, 'Vigente', '2024-11-10 00:00:00', '2024-11-30 23:59:59'),
(41, 'DSCTO_LOGITECHG502', 'Descuento Logitech G502 HERO', 'Descuento en el ratón gaming Logitech G502 HERO.', 10.0, 'Vigente', '2024-11-10 00:00:00', '2024-11-30 23:59:59'),
(50, 'DSCTO_GIGABYTESOUNDBAR', 'Descuento SoundBar Gigabyte', 'Descuento en la barra de sonido Gigabyte SoundBar X100.', 15.0, 'Vigente', '2024-11-10 00:00:00', '2024-11-30 23:59:59');

-- Inserción de datos en 'historial_precio'.
INSERT INTO todotech.historial_precio (id_producto, precio, fecha_cambio) VALUES
(1, 649900.00, '2024-10-01 10:30:00'),
(1, 599900.00, '2024-11-01 09:00:00'),
(6, 69990.00, '2024-10-10 12:15:00'),
(6, 79990.00, '2024-11-05 11:00:00'),
(10, 35990.00, '2024-09-15 16:45:00'),
(10, 39990.00, '2024-11-02 08:00:00'),
(17, 179990.00, '2024-08-20 14:20:00'),
(17, 199990.00, '2024-11-10 09:00:00'),
(19, 35990.00, '2024-09-10 13:30:00'),
(19, 39990.00, '2024-11-07 10:15:00'),
(25, 139990.00, '2024-09-25 15:00:00'),
(25, 149990.00, '2024-11-03 11:45:00'),
(34, 27990.00, '2024-08-15 09:00:00'),
(34, 29990.00, '2024-11-08 10:30:00'),
(41, 69990.00, '2024-10-05 17:00:00'),
(41, 74990.00, '2024-11-09 14:00:00'),
(50, 85990.00, '2024-09-01 11:00:00'),
(50, 89990.00, '2024-11-06 12:00:00');

-- Inserción de datos en 'inventario_producto'.
INSERT INTO todotech.inventario_producto (id_producto, id_sucursal, id_proveedor, cantidad) VALUES
(1, 1, 1, 20), (2, 1, 2, 15), (3, 1, 3, 30), (4, 1, 4, 25), (5, 1, 5, 12), 
(6, 1, 6, 10), (7, 1, 7, 18), (8, 1, 8, 22), (9, 1, 9, 15), (10, 1, 10, 30),
(11, 1, 11, 25), (12, 1, 12, 40), (13, 1, 1, 35), (14, 1, 2, 45), (15, 1, 3, 12),
(16, 1, 4, 20), (17, 1, 5, 50), (18, 1, 6, 15), (19, 1, 7, 10), (20, 1, 8, 30),
(21, 1, 9, 25), (22, 1, 10, 40), (23, 1, 11, 18), (24, 1, 12, 22), (25, 1, 1, 40),
(26, 1, 2, 30), (27, 1, 3, 35), (28, 1, 4, 15), (29, 1, 5, 12), (30, 1, 6, 50),
(31, 1, 7, 25), (32, 1, 8, 40), (33, 1, 9, 18), (34, 1, 10, 45), (35, 1, 11, 30),
(36, 1, 12, 10), (37, 1, 1, 20), (38, 1, 2, 25), (39, 1, 3, 18), (40, 1, 4, 40),
(41, 1, 5, 12), (42, 1, 6, 22), (43, 1, 7, 30), (44, 1, 8, 50), (45, 1, 9, 15),
(46, 1, 10, 35), (47, 1, 11, 40), (48, 1, 12, 25), (49, 1, 1, 10), (50, 1, 2, 30),
(51, 1, 3, 45), (52, 1, 4, 15), (53, 1, 5, 18), (54, 1, 6, 25), (55, 1, 7, 20),
(56, 1, 8, 30), (57, 1, 9, 40), (58, 1, 10, 50), (59, 1, 11, 35), (60, 1, 12, 22),
(61, 1, 1, 40), (62, 1, 2, 10), (63, 1, 3, 20), (64, 1, 4, 30), (65, 1, 5, 50),
(66, 1, 6, 18), (67, 1, 7, 25), (68, 1, 8, 35), (69, 1, 9, 12), (70, 1, 10, 40),
(71, 1, 11, 30), (72, 1, 12, 45), (73, 1, 1, 22), (74, 1, 2, 40), (75, 1, 3, 18),
(76, 1, 4, 25), (77, 1, 5, 10), (78, 1, 6, 30), (79, 1, 7, 35), (80, 1, 8, 50),
(81, 1, 9, 20), (82, 1, 10, 30), (83, 1, 11, 45), (84, 1, 13, 25), (85, 1, 1, 40),
(86, 1, 2, 18), (87, 1, 3, 22), (88, 1, 4, 12), (89, 1, 5, 30), (90, 1, 6, 20),
(91, 1, 7, 35), (92, 1, 8, 50), (93, 1, 9, 25), (94, 1, 10, 40), (95, 1, 11, 12),
(96, 1, 12, 30), (97, 1, 1, 22), (98, 1, 2, 40), (99, 1, 3, 50), (100, 1, 4, 18),
(101, 1, 5, 25), (102, 1, 13, 12), (103, 1, 7, 30), (104, 1, 8, 40), (105, 1, 9, 20),
(106, 1, 10, 50), (107, 1, 11, 15), (108, 1, 12, 35), (109, 1, 1, 18), (110, 1, 13, 22),
(111, 1, 3, 40), (112, 1, 4, 25), (113, 1, 5, 35), (114, 1, 6, 10), (115, 1, 7, 30),
(116, 1, 8, 20), (117, 1, 9, 40), (118, 1, 10, 50), (119, 1, 11, 15), (120, 1, 12, 30),
(121, 1, 1, 25), (122, 1, 2, 40), (123, 1, 3, 10), (124, 1, 4, 18), (125, 1, 5, 30),
(126, 1, 6, 35), (127, 1, 7, 40), (128, 1, 8, 50), (129, 1, 9, 20), (130, 1, 10, 25),
(131, 1, 11, 50), (132, 1, 12, 15), (133, 1, 1, 35), (134, 1, 2, 25), (135, 1, 3, 30),
(136, 1, 13, 40), (137, 1, 5, 18), (138, 1, 6, 10), (139, 1, 13, 50), (140, 1, 8, 30),
(141, 1, 9, 22), (142, 1, 10, 40), (143, 1, 11, 35), (144, 1, 12, 12), (145, 1, 1, 20),
(146, 1, 13, 25), (147, 1, 3, 30);

-- Inserción de datos en 'imagen_producto'.
INSERT INTO todotech.imagen_producto (id_producto, ruta_imagen) VALUES
(1, 'D:\\imagenes\\productos\\imagen_producto\\producto_1\\imagen1'),
(1, 'D:\\imagenes\\productos\\imagen_producto\\producto_1\\imagen2'),
(2, 'D:\\imagenes\\productos\\imagen_producto\\producto_2\\imagen1'),
(2, 'D:\\imagenes\\productos\\imagen_producto\\producto_2\\imagen2'),
(3, 'D:\\imagenes\\productos\\imagen_producto\\producto_3\\imagen1'),
(3, 'D:\\imagenes\\productos\\imagen_producto\\producto_3\\imagen2'),
(4, 'D:\\imagenes\\productos\\imagen_producto\\producto_4\\imagen1'),
(4, 'D:\\imagenes\\productos\\imagen_producto\\producto_4\\imagen2'),
(5, 'D:\\imagenes\\productos\\imagen_producto\\producto_5\\imagen1'),
(5, 'D:\\imagenes\\productos\\imagen_producto\\producto_5\\imagen2'),
(6, 'D:\\imagenes\\productos\\imagen_producto\\producto_6\\imagen1'),
(6, 'D:\\imagenes\\productos\\imagen_producto\\producto_6\\imagen2'),
(7, 'D:\\imagenes\\productos\\imagen_producto\\producto_7\\imagen1'),
(7, 'D:\\imagenes\\productos\\imagen_producto\\producto_7\\imagen2'),
(8, 'D:\\imagenes\\productos\\imagen_producto\\producto_8\\imagen1'),
(8, 'D:\\imagenes\\productos\\imagen_producto\\producto_8\\imagen2'),
(9, 'D:\\imagenes\\productos\\imagen_producto\\producto_9\\imagen1'),
(9, 'D:\\imagenes\\productos\\imagen_producto\\producto_9\\imagen2'),
(10, 'D:\\imagenes\\productos\\imagen_producto\\producto_10\\imagen1'),
(10, 'D:\\imagenes\\productos\\imagen_producto\\producto_10\\imagen2'),
(11, 'D:\\imagenes\\productos\\imagen_producto\\producto_11\\imagen1'),
(11, 'D:\\imagenes\\productos\\imagen_producto\\producto_11\\imagen2'),
(12, 'D:\\imagenes\\productos\\imagen_producto\\producto_12\\imagen1'),
(12, 'D:\\imagenes\\productos\\imagen_producto\\producto_12\\imagen2'),
(13, 'D:\\imagenes\\productos\\imagen_producto\\producto_13\\imagen1'),
(13, 'D:\\imagenes\\productos\\imagen_producto\\producto_13\\imagen2'),
(14, 'D:\\imagenes\\productos\\imagen_producto\\producto_14\\imagen1'),
(14, 'D:\\imagenes\\productos\\imagen_producto\\producto_14\\imagen2'),
(15, 'D:\\imagenes\\productos\\imagen_producto\\producto_15\\imagen1'),
(15, 'D:\\imagenes\\productos\\imagen_producto\\producto_15\\imagen2'),
(16, 'D:\\imagenes\\productos\\imagen_producto\\producto_16\\imagen1'),
(16, 'D:\\imagenes\\productos\\imagen_producto\\producto_16\\imagen2'),
(17, 'D:\\imagenes\\productos\\imagen_producto\\producto_17\\imagen1'),
(17, 'D:\\imagenes\\productos\\imagen_producto\\producto_17\\imagen2'),
(18, 'D:\\imagenes\\productos\\imagen_producto\\producto_18\\imagen1'),
(18, 'D:\\imagenes\\productos\\imagen_producto\\producto_18\\imagen2'),
(19, 'D:\\imagenes\\productos\\imagen_producto\\producto_19\\imagen1'),
(19, 'D:\\imagenes\\productos\\imagen_producto\\producto_19\\imagen2'),
(20, 'D:\\imagenes\\productos\\imagen_producto\\producto_20\\imagen1'),
(20, 'D:\\imagenes\\productos\\imagen_producto\\producto_20\\imagen2'),
(21, 'D:\\imagenes\\productos\\imagen_producto\\producto_21\\imagen1'),
(21, 'D:\\imagenes\\productos\\imagen_producto\\producto_21\\imagen2'),
(22, 'D:\\imagenes\\productos\\imagen_producto\\producto_22\\imagen1'),
(22, 'D:\\imagenes\\productos\\imagen_producto\\producto_22\\imagen2'),
(23, 'D:\\imagenes\\productos\\imagen_producto\\producto_23\\imagen1'),
(23, 'D:\\imagenes\\productos\\imagen_producto\\producto_23\\imagen2'),
(24, 'D:\\imagenes\\productos\\imagen_producto\\producto_24\\imagen1'),
(24, 'D:\\imagenes\\productos\\imagen_producto\\producto_24\\imagen2'),
(25, 'D:\\imagenes\\productos\\imagen_producto\\producto_25\\imagen1'),
(25, 'D:\\imagenes\\productos\\imagen_producto\\producto_25\\imagen2'),
(26, 'D:\\imagenes\\productos\\imagen_producto\\producto_26\\imagen1'),
(26, 'D:\\imagenes\\productos\\imagen_producto\\producto_26\\imagen2'),
(27, 'D:\\imagenes\\productos\\imagen_producto\\producto_27\\imagen1'),
(27, 'D:\\imagenes\\productos\\imagen_producto\\producto_27\\imagen2'),
(28, 'D:\\imagenes\\productos\\imagen_producto\\producto_28\\imagen1'),
(28, 'D:\\imagenes\\productos\\imagen_producto\\producto_28\\imagen2'),
(29, 'D:\\imagenes\\productos\\imagen_producto\\producto_29\\imagen1'),
(29, 'D:\\imagenes\\productos\\imagen_producto\\producto_29\\imagen2'),
(30, 'D:\\imagenes\\productos\\imagen_producto\\producto_30\\imagen1'),
(30, 'D:\\imagenes\\productos\\imagen_producto\\producto_30\\imagen2'),
(31, 'D:\\imagenes\\productos\\imagen_producto\\producto_31\\imagen1'),
(31, 'D:\\imagenes\\productos\\imagen_producto\\producto_31\\imagen2'),
(32, 'D:\\imagenes\\productos\\imagen_producto\\producto_32\\imagen1'),
(32, 'D:\\imagenes\\productos\\imagen_producto\\producto_32\\imagen2'),
(33, 'D:\\imagenes\\productos\\imagen_producto\\producto_33\\imagen1'),
(33, 'D:\\imagenes\\productos\\imagen_producto\\producto_33\\imagen2'),
(34, 'D:\\imagenes\\productos\\imagen_producto\\producto_34\\imagen1'),
(34, 'D:\\imagenes\\productos\\imagen_producto\\producto_34\\imagen2'),
(35, 'D:\\imagenes\\productos\\imagen_producto\\producto_35\\imagen1'),
(35, 'D:\\imagenes\\productos\\imagen_producto\\producto_35\\imagen2'),
(36, 'D:\\imagenes\\productos\\imagen_producto\\producto_36\\imagen1'),
(36, 'D:\\imagenes\\productos\\imagen_producto\\producto_36\\imagen2'),
(37, 'D:\\imagenes\\productos\\imagen_producto\\producto_37\\imagen1'),
(37, 'D:\\imagenes\\productos\\imagen_producto\\producto_37\\imagen2'),
(38, 'D:\\imagenes\\productos\\imagen_producto\\producto_38\\imagen1'),
(38, 'D:\\imagenes\\productos\\imagen_producto\\producto_38\\imagen2'),
(39, 'D:\\imagenes\\productos\\imagen_producto\\producto_39\\imagen1'),
(39, 'D:\\imagenes\\productos\\imagen_producto\\producto_39\\imagen2'),
(40, 'D:\\imagenes\\productos\\imagen_producto\\producto_40\\imagen1'),
(40, 'D:\\imagenes\\productos\\imagen_producto\\producto_40\\imagen2'),
(41, 'D:\\imagenes\\productos\\imagen_producto\\producto_41\\imagen1'),
(41, 'D:\\imagenes\\productos\\imagen_producto\\producto_41\\imagen2'),
(42, 'D:\\imagenes\\productos\\imagen_producto\\producto_42\\imagen1'),
(42, 'D:\\imagenes\\productos\\imagen_producto\\producto_42\\imagen2'),
(43, 'D:\\imagenes\\productos\\imagen_producto\\producto_43\\imagen1'),
(43, 'D:\\imagenes\\productos\\imagen_producto\\producto_43\\imagen2'),
(44, 'D:\\imagenes\\productos\\imagen_producto\\producto_44\\imagen1'),
(44, 'D:\\imagenes\\productos\\imagen_producto\\producto_44\\imagen2'),
(45, 'D:\\imagenes\\productos\\imagen_producto\\producto_45\\imagen1'),
(45, 'D:\\imagenes\\productos\\imagen_producto\\producto_45\\imagen2'),
(46, 'D:\\imagenes\\productos\\imagen_producto\\producto_46\\imagen1'),
(46, 'D:\\imagenes\\productos\\imagen_producto\\producto_46\\imagen2'),
(47, 'D:\\imagenes\\productos\\imagen_producto\\producto_47\\imagen1'),
(47, 'D:\\imagenes\\productos\\imagen_producto\\producto_47\\imagen2'),
(48, 'D:\\imagenes\\productos\\imagen_producto\\producto_48\\imagen1'),
(48, 'D:\\imagenes\\productos\\imagen_producto\\producto_48\\imagen2'),
(49, 'D:\\imagenes\\productos\\imagen_producto\\producto_49\\imagen1'),
(49, 'D:\\imagenes\\productos\\imagen_producto\\producto_49\\imagen2'),
(50, 'D:\\imagenes\\productos\\imagen_producto\\producto_50\\imagen1'),
(50, 'D:\\imagenes\\productos\\imagen_producto\\producto_50\\imagen2'),
(51, 'D:\\imagenes\\productos\\imagen_producto\\producto_51\\imagen1'),
(51, 'D:\\imagenes\\productos\\imagen_producto\\producto_51\\imagen2'),
(52, 'D:\\imagenes\\productos\\imagen_producto\\producto_52\\imagen1'),
(52, 'D:\\imagenes\\productos\\imagen_producto\\producto_52\\imagen2'),
(53, 'D:\\imagenes\\productos\\imagen_producto\\producto_53\\imagen1'),
(53, 'D:\\imagenes\\productos\\imagen_producto\\producto_53\\imagen2'),
(54, 'D:\\imagenes\\productos\\imagen_producto\\producto_54\\imagen1'),
(54, 'D:\\imagenes\\productos\\imagen_producto\\producto_54\\imagen2'),
(55, 'D:\\imagenes\\productos\\imagen_producto\\producto_55\\imagen1'),
(55, 'D:\\imagenes\\productos\\imagen_producto\\producto_55\\imagen2'),
(56, 'D:\\imagenes\\productos\\imagen_producto\\producto_56\\imagen1'),
(56, 'D:\\imagenes\\productos\\imagen_producto\\producto_56\\imagen2'),
(57, 'D:\\imagenes\\productos\\imagen_producto\\producto_57\\imagen1'),
(57, 'D:\\imagenes\\productos\\imagen_producto\\producto_57\\imagen2'),
(58, 'D:\\imagenes\\productos\\imagen_producto\\producto_58\\imagen1'),
(58, 'D:\\imagenes\\productos\\imagen_producto\\producto_58\\imagen2'),
(59, 'D:\\imagenes\\productos\\imagen_producto\\producto_59\\imagen1'),
(59, 'D:\\imagenes\\productos\\imagen_producto\\producto_59\\imagen2'),
(60, 'D:\\imagenes\\productos\\imagen_producto\\producto_60\\imagen1'),
(60, 'D:\\imagenes\\productos\\imagen_producto\\producto_60\\imagen2'),
(61, 'D:\\imagenes\\productos\\imagen_producto\\producto_61\\imagen1'),
(61, 'D:\\imagenes\\productos\\imagen_producto\\producto_61\\imagen2'),
(62, 'D:\\imagenes\\productos\\imagen_producto\\producto_62\\imagen1'),
(62, 'D:\\imagenes\\productos\\imagen_producto\\producto_62\\imagen2'),
(63, 'D:\\imagenes\\productos\\imagen_producto\\producto_63\\imagen1'),
(63, 'D:\\imagenes\\productos\\imagen_producto\\producto_63\\imagen2'),
(64, 'D:\\imagenes\\productos\\imagen_producto\\producto_64\\imagen1'),
(64, 'D:\\imagenes\\productos\\imagen_producto\\producto_64\\imagen2'),
(65, 'D:\\imagenes\\productos\\imagen_producto\\producto_65\\imagen1'),
(65, 'D:\\imagenes\\productos\\imagen_producto\\producto_65\\imagen2'),
(66, 'D:\\imagenes\\productos\\imagen_producto\\producto_66\\imagen1'),
(66, 'D:\\imagenes\\productos\\imagen_producto\\producto_66\\imagen2'),
(67, 'D:\\imagenes\\productos\\imagen_producto\\producto_67\\imagen1'),
(67, 'D:\\imagenes\\productos\\imagen_producto\\producto_67\\imagen2'),
(68, 'D:\\imagenes\\productos\\imagen_producto\\producto_68\\imagen1'),
(68, 'D:\\imagenes\\productos\\imagen_producto\\producto_68\\imagen2'),
(69, 'D:\\imagenes\\productos\\imagen_producto\\producto_69\\imagen1'),
(69, 'D:\\imagenes\\productos\\imagen_producto\\producto_69\\imagen2'),
(70, 'D:\\imagenes\\productos\\imagen_producto\\producto_70\\imagen1'),
(70, 'D:\\imagenes\\productos\\imagen_producto\\producto_70\\imagen2'),
(71, 'D:\\imagenes\\productos\\imagen_producto\\producto_71\\imagen1'),
(71, 'D:\\imagenes\\productos\\imagen_producto\\producto_71\\imagen2'),
(72, 'D:\\imagenes\\productos\\imagen_producto\\producto_72\\imagen1'),
(72, 'D:\\imagenes\\productos\\imagen_producto\\producto_72\\imagen2'),
(73, 'D:\\imagenes\\productos\\imagen_producto\\producto_73\\imagen1'),
(73, 'D:\\imagenes\\productos\\imagen_producto\\producto_73\\imagen2'),
(74, 'D:\\imagenes\\productos\\imagen_producto\\producto_74\\imagen1'),
(74, 'D:\\imagenes\\productos\\imagen_producto\\producto_74\\imagen2'),
(75, 'D:\\imagenes\\productos\\imagen_producto\\producto_75\\imagen1'),
(75, 'D:\\imagenes\\productos\\imagen_producto\\producto_75\\imagen2'),
(76, 'D:\\imagenes\\productos\\imagen_producto\\producto_76\\imagen1'),
(76, 'D:\\imagenes\\productos\\imagen_producto\\producto_76\\imagen2'),
(77, 'D:\\imagenes\\productos\\imagen_producto\\producto_77\\imagen1'),
(77, 'D:\\imagenes\\productos\\imagen_producto\\producto_77\\imagen2'),
(78, 'D:\\imagenes\\productos\\imagen_producto\\producto_78\\imagen1'),
(78, 'D:\\imagenes\\productos\\imagen_producto\\producto_78\\imagen2'),
(79, 'D:\\imagenes\\productos\\imagen_producto\\producto_79\\imagen1'),
(79, 'D:\\imagenes\\productos\\imagen_producto\\producto_79\\imagen2'),
(80, 'D:\\imagenes\\productos\\imagen_producto\\producto_80\\imagen1'),
(80, 'D:\\imagenes\\productos\\imagen_producto\\producto_80\\imagen2'),
(81, 'D:\\imagenes\\productos\\imagen_producto\\producto_81\\imagen1'),
(81, 'D:\\imagenes\\productos\\imagen_producto\\producto_81\\imagen2'),
(82, 'D:\\imagenes\\productos\\imagen_producto\\producto_82\\imagen1'),
(82, 'D:\\imagenes\\productos\\imagen_producto\\producto_82\\imagen2'),
(83, 'D:\\imagenes\\productos\\imagen_producto\\producto_83\\imagen1'),
(83, 'D:\\imagenes\\productos\\imagen_producto\\producto_83\\imagen2'),
(84, 'D:\\imagenes\\productos\\imagen_producto\\producto_84\\imagen1'),
(84, 'D:\\imagenes\\productos\\imagen_producto\\producto_84\\imagen2'),
(85, 'D:\\imagenes\\productos\\imagen_producto\\producto_85\\imagen1'),
(85, 'D:\\imagenes\\productos\\imagen_producto\\producto_85\\imagen2'),
(86, 'D:\\imagenes\\productos\\imagen_producto\\producto_86\\imagen1'),
(86, 'D:\\imagenes\\productos\\imagen_producto\\producto_86\\imagen2'),
(87, 'D:\\imagenes\\productos\\imagen_producto\\producto_87\\imagen1'),
(87, 'D:\\imagenes\\productos\\imagen_producto\\producto_87\\imagen2'),
(88, 'D:\\imagenes\\productos\\imagen_producto\\producto_88\\imagen1'),
(88, 'D:\\imagenes\\productos\\imagen_producto\\producto_88\\imagen2'),
(89, 'D:\\imagenes\\productos\\imagen_producto\\producto_89\\imagen1'),
(89, 'D:\\imagenes\\productos\\imagen_producto\\producto_89\\imagen2'),
(90, 'D:\\imagenes\\productos\\imagen_producto\\producto_90\\imagen1'),
(90, 'D:\\imagenes\\productos\\imagen_producto\\producto_90\\imagen2'),
(91, 'D:\\imagenes\\productos\\imagen_producto\\producto_91\\imagen1'),
(91, 'D:\\imagenes\\productos\\imagen_producto\\producto_91\\imagen2'),
(92, 'D:\\imagenes\\productos\\imagen_producto\\producto_92\\imagen1'),
(92, 'D:\\imagenes\\productos\\imagen_producto\\producto_92\\imagen2'),
(93, 'D:\\imagenes\\productos\\imagen_producto\\producto_93\\imagen1'),
(93, 'D:\\imagenes\\productos\\imagen_producto\\producto_93\\imagen2'),
(94, 'D:\\imagenes\\productos\\imagen_producto\\producto_94\\imagen1'),
(94, 'D:\\imagenes\\productos\\imagen_producto\\producto_94\\imagen2'),
(95, 'D:\\imagenes\\productos\\imagen_producto\\producto_95\\imagen1'),
(95, 'D:\\imagenes\\productos\\imagen_producto\\producto_95\\imagen2'),
(96, 'D:\\imagenes\\productos\\imagen_producto\\producto_96\\imagen1'),
(96, 'D:\\imagenes\\productos\\imagen_producto\\producto_96\\imagen2'),
(97, 'D:\\imagenes\\productos\\imagen_producto\\producto_97\\imagen1'),
(97, 'D:\\imagenes\\productos\\imagen_producto\\producto_97\\imagen2'),
(98, 'D:\\imagenes\\productos\\imagen_producto\\producto_98\\imagen1'),
(98, 'D:\\imagenes\\productos\\imagen_producto\\producto_98\\imagen2'),
(99, 'D:\\imagenes\\productos\\imagen_producto\\producto_99\\imagen1'),
(99, 'D:\\imagenes\\productos\\imagen_producto\\producto_99\\imagen2'),
(100, 'D:\\imagenes\\productos\\imagen_producto\\producto_100\\imagen1'),
(100, 'D:\\imagenes\\productos\\imagen_producto\\producto_100\\imagen2'),
(101, 'D:\\imagenes\\productos\\imagen_producto\\producto_101\\imagen1'),
(101, 'D:\\imagenes\\productos\\imagen_producto\\producto_101\\imagen2'),
(102, 'D:\\imagenes\\productos\\imagen_producto\\producto_102\\imagen1'),
(102, 'D:\\imagenes\\productos\\imagen_producto\\producto_102\\imagen2'),
(103, 'D:\\imagenes\\productos\\imagen_producto\\producto_103\\imagen1'),
(103, 'D:\\imagenes\\productos\\imagen_producto\\producto_103\\imagen2'),
(104, 'D:\\imagenes\\productos\\imagen_producto\\producto_104\\imagen1'),
(104, 'D:\\imagenes\\productos\\imagen_producto\\producto_104\\imagen2'),
(105, 'D:\\imagenes\\productos\\imagen_producto\\producto_105\\imagen1'),
(105, 'D:\\imagenes\\productos\\imagen_producto\\producto_105\\imagen2'),
(106, 'D:\\imagenes\\productos\\imagen_producto\\producto_106\\imagen1'),
(106, 'D:\\imagenes\\productos\\imagen_producto\\producto_106\\imagen2'),
(107, 'D:\\imagenes\\productos\\imagen_producto\\producto_107\\imagen1'),
(107, 'D:\\imagenes\\productos\\imagen_producto\\producto_107\\imagen2'),
(108, 'D:\\imagenes\\productos\\imagen_producto\\producto_108\\imagen1'),
(108, 'D:\\imagenes\\productos\\imagen_producto\\producto_108\\imagen2'),
(109, 'D:\\imagenes\\productos\\imagen_producto\\producto_109\\imagen1'),
(109, 'D:\\imagenes\\productos\\imagen_producto\\producto_109\\imagen2'),
(110, 'D:\\imagenes\\productos\\imagen_producto\\producto_110\\imagen1'),
(110, 'D:\\imagenes\\productos\\imagen_producto\\producto_110\\imagen2'),
(111, 'D:\\imagenes\\productos\\imagen_producto\\producto_111\\imagen1'),
(111, 'D:\\imagenes\\productos\\imagen_producto\\producto_111\\imagen2'),
(112, 'D:\\imagenes\\productos\\imagen_producto\\producto_112\\imagen1'),
(112, 'D:\\imagenes\\productos\\imagen_producto\\producto_112\\imagen2'),
(113, 'D:\\imagenes\\productos\\imagen_producto\\producto_113\\imagen1'),
(113, 'D:\\imagenes\\productos\\imagen_producto\\producto_113\\imagen2'),
(114, 'D:\\imagenes\\productos\\imagen_producto\\producto_114\\imagen1'),
(114, 'D:\\imagenes\\productos\\imagen_producto\\producto_114\\imagen2'),
(115, 'D:\\imagenes\\productos\\imagen_producto\\producto_115\\imagen1'),
(115, 'D:\\imagenes\\productos\\imagen_producto\\producto_115\\imagen2'),
(116, 'D:\\imagenes\\productos\\imagen_producto\\producto_116\\imagen1'),
(116, 'D:\\imagenes\\productos\\imagen_producto\\producto_116\\imagen2'),
(117, 'D:\\imagenes\\productos\\imagen_producto\\producto_117\\imagen1'),
(117, 'D:\\imagenes\\productos\\imagen_producto\\producto_117\\imagen2'),
(118, 'D:\\imagenes\\productos\\imagen_producto\\producto_118\\imagen1'),
(118, 'D:\\imagenes\\productos\\imagen_producto\\producto_118\\imagen2'),
(119, 'D:\\imagenes\\productos\\imagen_producto\\producto_119\\imagen1'),
(119, 'D:\\imagenes\\productos\\imagen_producto\\producto_119\\imagen2'),
(120, 'D:\\imagenes\\productos\\imagen_producto\\producto_120\\imagen1'),
(120, 'D:\\imagenes\\productos\\imagen_producto\\producto_120\\imagen2'),
(121, 'D:\\imagenes\\productos\\imagen_producto\\producto_121\\imagen1'),
(121, 'D:\\imagenes\\productos\\imagen_producto\\producto_121\\imagen2'),
(122, 'D:\\imagenes\\productos\\imagen_producto\\producto_122\\imagen1'),
(122, 'D:\\imagenes\\productos\\imagen_producto\\producto_122\\imagen2'),
(123, 'D:\\imagenes\\productos\\imagen_producto\\producto_123\\imagen1'),
(123, 'D:\\imagenes\\productos\\imagen_producto\\producto_123\\imagen2'),
(124, 'D:\\imagenes\\productos\\imagen_producto\\producto_124\\imagen1'),
(124, 'D:\\imagenes\\productos\\imagen_producto\\producto_124\\imagen2'),
(125, 'D:\\imagenes\\productos\\imagen_producto\\producto_125\\imagen1'),
(125, 'D:\\imagenes\\productos\\imagen_producto\\producto_125\\imagen2'),
(126, 'D:\\imagenes\\productos\\imagen_producto\\producto_126\\imagen1'),
(126, 'D:\\imagenes\\productos\\imagen_producto\\producto_126\\imagen2'),
(127, 'D:\\imagenes\\productos\\imagen_producto\\producto_127\\imagen1'),
(127, 'D:\\imagenes\\productos\\imagen_producto\\producto_127\\imagen2'),
(128, 'D:\\imagenes\\productos\\imagen_producto\\producto_128\\imagen1'),
(128, 'D:\\imagenes\\productos\\imagen_producto\\producto_128\\imagen2'),
(129, 'D:\\imagenes\\productos\\imagen_producto\\producto_129\\imagen1'),
(129, 'D:\\imagenes\\productos\\imagen_producto\\producto_129\\imagen2'),
(130, 'D:\\imagenes\\productos\\imagen_producto\\producto_130\\imagen1'),
(130, 'D:\\imagenes\\productos\\imagen_producto\\producto_130\\imagen2'),
(131, 'D:\\imagenes\\productos\\imagen_producto\\producto_131\\imagen1'),
(131, 'D:\\imagenes\\productos\\imagen_producto\\producto_131\\imagen2'),
(132, 'D:\\imagenes\\productos\\imagen_producto\\producto_132\\imagen1'),
(132, 'D:\\imagenes\\productos\\imagen_producto\\producto_132\\imagen2'),
(133, 'D:\\imagenes\\productos\\imagen_producto\\producto_133\\imagen1'),
(133, 'D:\\imagenes\\productos\\imagen_producto\\producto_133\\imagen2'),
(134, 'D:\\imagenes\\productos\\imagen_producto\\producto_134\\imagen1'),
(134, 'D:\\imagenes\\productos\\imagen_producto\\producto_134\\imagen2'),
(135, 'D:\\imagenes\\productos\\imagen_producto\\producto_135\\imagen1'),
(135, 'D:\\imagenes\\productos\\imagen_producto\\producto_135\\imagen2'),
(136, 'D:\\imagenes\\productos\\imagen_producto\\producto_136\\imagen1'),
(136, 'D:\\imagenes\\productos\\imagen_producto\\producto_136\\imagen2'),
(137, 'D:\\imagenes\\productos\\imagen_producto\\producto_137\\imagen1'),
(137, 'D:\\imagenes\\productos\\imagen_producto\\producto_137\\imagen2'),
(138, 'D:\\imagenes\\productos\\imagen_producto\\producto_138\\imagen1'),
(138, 'D:\\imagenes\\productos\\imagen_producto\\producto_138\\imagen2'),
(139, 'D:\\imagenes\\productos\\imagen_producto\\producto_139\\imagen1'),
(139, 'D:\\imagenes\\productos\\imagen_producto\\producto_139\\imagen2'),
(140, 'D:\\imagenes\\productos\\imagen_producto\\producto_140\\imagen1'),
(140, 'D:\\imagenes\\productos\\imagen_producto\\producto_140\\imagen2'),
(141, 'D:\\imagenes\\productos\\imagen_producto\\producto_141\\imagen1'),
(141, 'D:\\imagenes\\productos\\imagen_producto\\producto_141\\imagen2'),
(142, 'D:\\imagenes\\productos\\imagen_producto\\producto_142\\imagen1'),
(142, 'D:\\imagenes\\productos\\imagen_producto\\producto_142\\imagen2'),
(143, 'D:\\imagenes\\productos\\imagen_producto\\producto_143\\imagen1'),
(143, 'D:\\imagenes\\productos\\imagen_producto\\producto_143\\imagen2'),
(144, 'D:\\imagenes\\productos\\imagen_producto\\producto_144\\imagen1'),
(144, 'D:\\imagenes\\productos\\imagen_producto\\producto_144\\imagen2'),
(145, 'D:\\imagenes\\productos\\imagen_producto\\producto_145\\imagen1'),
(145, 'D:\\imagenes\\productos\\imagen_producto\\producto_145\\imagen2'),
(146, 'D:\\imagenes\\productos\\imagen_producto\\producto_146\\imagen1'),
(146, 'D:\\imagenes\\productos\\imagen_producto\\producto_146\\imagen2'),
(147, 'D:\\imagenes\\productos\\imagen_producto\\producto_147\\imagen1'),
(147, 'D:\\imagenes\\productos\\imagen_producto\\producto_147\\imagen2');

-- Inserción de datos en 'img_desc_producto'.
INSERT INTO todotech.img_desc_producto (id_producto, ruta_imagen) VALUES
(1, 'D:\\imagenes\\productos\\img_desc_producto\\producto_1\\imagen1'),
(2, 'D:\\imagenes\\productos\\img_desc_producto\\producto_2\\imagen1'),
(3, 'D:\\imagenes\\productos\\img_desc_producto\\producto_3\\imagen1'),
(4, 'D:\\imagenes\\productos\\img_desc_producto\\producto_4\\imagen1'),
(5, 'D:\\imagenes\\productos\\img_desc_producto\\producto_5\\imagen1'),
(6, 'D:\\imagenes\\productos\\img_desc_producto\\producto_6\\imagen1'),
(7, 'D:\\imagenes\\productos\\img_desc_producto\\producto_7\\imagen1'),
(8, 'D:\\imagenes\\productos\\img_desc_producto\\producto_8\\imagen1'),
(9, 'D:\\imagenes\\productos\\img_desc_producto\\producto_9\\imagen1'),
(10, 'D:\\imagenes\\productos\\img_desc_producto\\producto_10\\imagen1'),
(11, 'D:\\imagenes\\productos\\img_desc_producto\\producto_11\\imagen1'),
(12, 'D:\\imagenes\\productos\\img_desc_producto\\producto_12\\imagen1'),
(13, 'D:\\imagenes\\productos\\img_desc_producto\\producto_13\\imagen1'),
(14, 'D:\\imagenes\\productos\\img_desc_producto\\producto_14\\imagen1'),
(15, 'D:\\imagenes\\productos\\img_desc_producto\\producto_15\\imagen1'),
(16, 'D:\\imagenes\\productos\\img_desc_producto\\producto_16\\imagen1'),
(17, 'D:\\imagenes\\productos\\img_desc_producto\\producto_17\\imagen1'),
(18, 'D:\\imagenes\\productos\\img_desc_producto\\producto_18\\imagen1'),
(19, 'D:\\imagenes\\productos\\img_desc_producto\\producto_19\\imagen1'),
(20, 'D:\\imagenes\\productos\\img_desc_producto\\producto_20\\imagen1'),
(21, 'D:\\imagenes\\productos\\img_desc_producto\\producto_21\\imagen1'),
(22, 'D:\\imagenes\\productos\\img_desc_producto\\producto_22\\imagen1'),
(23, 'D:\\imagenes\\productos\\img_desc_producto\\producto_23\\imagen1'),
(24, 'D:\\imagenes\\productos\\img_desc_producto\\producto_24\\imagen1'),
(25, 'D:\\imagenes\\productos\\img_desc_producto\\producto_25\\imagen1'),
(26, 'D:\\imagenes\\productos\\img_desc_producto\\producto_26\\imagen1'),
(27, 'D:\\imagenes\\productos\\img_desc_producto\\producto_27\\imagen1'),
(28, 'D:\\imagenes\\productos\\img_desc_producto\\producto_28\\imagen1'),
(29, 'D:\\imagenes\\productos\\img_desc_producto\\producto_29\\imagen1'),
(30, 'D:\\imagenes\\productos\\img_desc_producto\\producto_30\\imagen1'),
(31, 'D:\\imagenes\\productos\\img_desc_producto\\producto_31\\imagen1'),
(32, 'D:\\imagenes\\productos\\img_desc_producto\\producto_32\\imagen1'),
(33, 'D:\\imagenes\\productos\\img_desc_producto\\producto_33\\imagen1'),
(34, 'D:\\imagenes\\productos\\img_desc_producto\\producto_34\\imagen1'),
(35, 'D:\\imagenes\\productos\\img_desc_producto\\producto_35\\imagen1'),
(36, 'D:\\imagenes\\productos\\img_desc_producto\\producto_36\\imagen1'),
(37, 'D:\\imagenes\\productos\\img_desc_producto\\producto_37\\imagen1'),
(38, 'D:\\imagenes\\productos\\img_desc_producto\\producto_38\\imagen1'),
(39, 'D:\\imagenes\\productos\\img_desc_producto\\producto_39\\imagen1'),
(40, 'D:\\imagenes\\productos\\img_desc_producto\\producto_40\\imagen1'),
(41, 'D:\\imagenes\\productos\\img_desc_producto\\producto_41\\imagen1'),
(42, 'D:\\imagenes\\productos\\img_desc_producto\\producto_42\\imagen1'),
(43, 'D:\\imagenes\\productos\\img_desc_producto\\producto_43\\imagen1'),
(44, 'D:\\imagenes\\productos\\img_desc_producto\\producto_44\\imagen1'),
(45, 'D:\\imagenes\\productos\\img_desc_producto\\producto_45\\imagen1'),
(46, 'D:\\imagenes\\productos\\img_desc_producto\\producto_46\\imagen1'),
(47, 'D:\\imagenes\\productos\\img_desc_producto\\producto_47\\imagen1'),
(48, 'D:\\imagenes\\productos\\img_desc_producto\\producto_48\\imagen1'),
(49, 'D:\\imagenes\\productos\\img_desc_producto\\producto_49\\imagen1'),
(50, 'D:\\imagenes\\productos\\img_desc_producto\\producto_50\\imagen1'),
(51, 'D:\\imagenes\\productos\\img_desc_producto\\producto_51\\imagen1'),
(52, 'D:\\imagenes\\productos\\img_desc_producto\\producto_52\\imagen1'),
(53, 'D:\\imagenes\\productos\\img_desc_producto\\producto_53\\imagen1'),
(54, 'D:\\imagenes\\productos\\img_desc_producto\\producto_54\\imagen1'),
(55, 'D:\\imagenes\\productos\\img_desc_producto\\producto_55\\imagen1'),
(56, 'D:\\imagenes\\productos\\img_desc_producto\\producto_56\\imagen1'),
(57, 'D:\\imagenes\\productos\\img_desc_producto\\producto_57\\imagen1'),
(58, 'D:\\imagenes\\productos\\img_desc_producto\\producto_58\\imagen1'),
(59, 'D:\\imagenes\\productos\\img_desc_producto\\producto_59\\imagen1'),
(60, 'D:\\imagenes\\productos\\img_desc_producto\\producto_60\\imagen1'),
(61, 'D:\\imagenes\\productos\\img_desc_producto\\producto_61\\imagen1'),
(62, 'D:\\imagenes\\productos\\img_desc_producto\\producto_62\\imagen1'),
(63, 'D:\\imagenes\\productos\\img_desc_producto\\producto_63\\imagen1'),
(64, 'D:\\imagenes\\productos\\img_desc_producto\\producto_64\\imagen1'),
(65, 'D:\\imagenes\\productos\\img_desc_producto\\producto_65\\imagen1'),
(66, 'D:\\imagenes\\productos\\img_desc_producto\\producto_66\\imagen1'),
(67, 'D:\\imagenes\\productos\\img_desc_producto\\producto_67\\imagen1'),
(68, 'D:\\imagenes\\productos\\img_desc_producto\\producto_68\\imagen1'),
(69, 'D:\\imagenes\\productos\\img_desc_producto\\producto_69\\imagen1'),
(70, 'D:\\imagenes\\productos\\img_desc_producto\\producto_70\\imagen1'),
(71, 'D:\\imagenes\\productos\\img_desc_producto\\producto_71\\imagen1'),
(72, 'D:\\imagenes\\productos\\img_desc_producto\\producto_72\\imagen1'),
(73, 'D:\\imagenes\\productos\\img_desc_producto\\producto_73\\imagen1'),
(74, 'D:\\imagenes\\productos\\img_desc_producto\\producto_74\\imagen1'),
(75, 'D:\\imagenes\\productos\\img_desc_producto\\producto_75\\imagen1'),
(76, 'D:\\imagenes\\productos\\img_desc_producto\\producto_76\\imagen1'),
(77, 'D:\\imagenes\\productos\\img_desc_producto\\producto_77\\imagen1'),
(78, 'D:\\imagenes\\productos\\img_desc_producto\\producto_78\\imagen1'),
(79, 'D:\\imagenes\\productos\\img_desc_producto\\producto_79\\imagen1'),
(80, 'D:\\imagenes\\productos\\img_desc_producto\\producto_80\\imagen1'),
(81, 'D:\\imagenes\\productos\\img_desc_producto\\producto_81\\imagen1'),
(82, 'D:\\imagenes\\productos\\img_desc_producto\\producto_82\\imagen1'),
(83, 'D:\\imagenes\\productos\\img_desc_producto\\producto_83\\imagen1'),
(84, 'D:\\imagenes\\productos\\img_desc_producto\\producto_84\\imagen1'),
(85, 'D:\\imagenes\\productos\\img_desc_producto\\producto_85\\imagen1'),
(86, 'D:\\imagenes\\productos\\img_desc_producto\\producto_86\\imagen1'),
(87, 'D:\\imagenes\\productos\\img_desc_producto\\producto_87\\imagen1'),
(88, 'D:\\imagenes\\productos\\img_desc_producto\\producto_88\\imagen1'),
(89, 'D:\\imagenes\\productos\\img_desc_producto\\producto_89\\imagen1'),
(90, 'D:\\imagenes\\productos\\img_desc_producto\\producto_90\\imagen1'),
(91, 'D:\\imagenes\\productos\\img_desc_producto\\producto_91\\imagen1'),
(92, 'D:\\imagenes\\productos\\img_desc_producto\\producto_92\\imagen1'),
(93, 'D:\\imagenes\\productos\\img_desc_producto\\producto_93\\imagen1'),
(94, 'D:\\imagenes\\productos\\img_desc_producto\\producto_94\\imagen1'),
(95, 'D:\\imagenes\\productos\\img_desc_producto\\producto_95\\imagen1'),
(96, 'D:\\imagenes\\productos\\img_desc_producto\\producto_96\\imagen1'),
(97, 'D:\\imagenes\\productos\\img_desc_producto\\producto_97\\imagen1'),
(98, 'D:\\imagenes\\productos\\img_desc_producto\\producto_98\\imagen1'),
(99, 'D:\\imagenes\\productos\\img_desc_producto\\producto_99\\imagen1'),
(100, 'D:\\imagenes\\productos\\img_desc_producto\\producto_100\\imagen1'),
(101, 'D:\\imagenes\\productos\\img_desc_producto\\producto_101\\imagen1'),
(102, 'D:\\imagenes\\productos\\img_desc_producto\\producto_102\\imagen1'),
(103, 'D:\\imagenes\\productos\\img_desc_producto\\producto_103\\imagen1'),
(104, 'D:\\imagenes\\productos\\img_desc_producto\\producto_104\\imagen1'),
(105, 'D:\\imagenes\\productos\\img_desc_producto\\producto_105\\imagen1'),
(106, 'D:\\imagenes\\productos\\img_desc_producto\\producto_106\\imagen1'),
(107, 'D:\\imagenes\\productos\\img_desc_producto\\producto_107\\imagen1'),
(108, 'D:\\imagenes\\productos\\img_desc_producto\\producto_108\\imagen1'),
(109, 'D:\\imagenes\\productos\\img_desc_producto\\producto_109\\imagen1'),
(110, 'D:\\imagenes\\productos\\img_desc_producto\\producto_110\\imagen1'),
(111, 'D:\\imagenes\\productos\\img_desc_producto\\producto_111\\imagen1'),
(112, 'D:\\imagenes\\productos\\img_desc_producto\\producto_112\\imagen1'),
(113, 'D:\\imagenes\\productos\\img_desc_producto\\producto_113\\imagen1'),
(114, 'D:\\imagenes\\productos\\img_desc_producto\\producto_114\\imagen1'),
(115, 'D:\\imagenes\\productos\\img_desc_producto\\producto_115\\imagen1'),
(116, 'D:\\imagenes\\productos\\img_desc_producto\\producto_116\\imagen1'),
(117, 'D:\\imagenes\\productos\\img_desc_producto\\producto_117\\imagen1'),
(118, 'D:\\imagenes\\productos\\img_desc_producto\\producto_118\\imagen1'),
(119, 'D:\\imagenes\\productos\\img_desc_producto\\producto_119\\imagen1'),
(120, 'D:\\imagenes\\productos\\img_desc_producto\\producto_120\\imagen1'),
(121, 'D:\\imagenes\\productos\\img_desc_producto\\producto_121\\imagen1'),
(122, 'D:\\imagenes\\productos\\img_desc_producto\\producto_122\\imagen1'),
(123, 'D:\\imagenes\\productos\\img_desc_producto\\producto_123\\imagen1'),
(124, 'D:\\imagenes\\productos\\img_desc_producto\\producto_124\\imagen1'),
(125, 'D:\\imagenes\\productos\\img_desc_producto\\producto_125\\imagen1'),
(126, 'D:\\imagenes\\productos\\img_desc_producto\\producto_126\\imagen1'),
(127, 'D:\\imagenes\\productos\\img_desc_producto\\producto_127\\imagen1'),
(128, 'D:\\imagenes\\productos\\img_desc_producto\\producto_128\\imagen1'),
(129, 'D:\\imagenes\\productos\\img_desc_producto\\producto_129\\imagen1'),
(130, 'D:\\imagenes\\productos\\img_desc_producto\\producto_130\\imagen1'),
(131, 'D:\\imagenes\\productos\\img_desc_producto\\producto_131\\imagen1'),
(132, 'D:\\imagenes\\productos\\img_desc_producto\\producto_132\\imagen1'),
(133, 'D:\\imagenes\\productos\\img_desc_producto\\producto_133\\imagen1'),
(134, 'D:\\imagenes\\productos\\img_desc_producto\\producto_134\\imagen1'),
(135, 'D:\\imagenes\\productos\\img_desc_producto\\producto_135\\imagen1'),
(136, 'D:\\imagenes\\productos\\img_desc_producto\\producto_136\\imagen1'),
(137, 'D:\\imagenes\\productos\\img_desc_producto\\producto_137\\imagen1'),
(138, 'D:\\imagenes\\productos\\img_desc_producto\\producto_138\\imagen1'),
(139, 'D:\\imagenes\\productos\\img_desc_producto\\producto_139\\imagen1'),
(140, 'D:\\imagenes\\productos\\img_desc_producto\\producto_140\\imagen1'),
(141, 'D:\\imagenes\\productos\\img_desc_producto\\producto_141\\imagen1'),
(142, 'D:\\imagenes\\productos\\img_desc_producto\\producto_142\\imagen1'),
(143, 'D:\\imagenes\\productos\\img_desc_producto\\producto_143\\imagen1'),
(144, 'D:\\imagenes\\productos\\img_desc_producto\\producto_144\\imagen1'),
(145, 'D:\\imagenes\\productos\\img_desc_producto\\producto_145\\imagen1'),
(146, 'D:\\imagenes\\productos\\img_desc_producto\\producto_146\\imagen1'),
(147, 'D:\\imagenes\\productos\\img_desc_producto\\producto_147\\imagen1');


-- Inserción de datos en 'carrito_compras'.
INSERT INTO todotech.carrito_compras (id_cliente, id_producto, cantidad) VALUES
(4, 140, 1),
(4, 106, 1),
(4, 5, 1),
(18, 97, 1),
(17, 9, 1),
(17, 2, 1),
(17, 103, 1),
(5, 129, 1),
(19, 97, 1),
(19, 22, 1),
(19, 79, 1),
(15, 105, 1),
(15, 104, 1),
(23, 36, 1),
(23, 132, 1),
(6, 30, 1),
(21, 46, 1),
(21, 99, 1),
(3, 119, 1);

-- Inserción de datos en 'pedido'.
INSERT INTO todotech.pedido (id_cliente, id_envio, id_metodo_pago, id_boleta_factura, monto_total) VALUES
(1, 1, 1, 1, 749900.00),
(4, 2, 1, 2, 759890.00),
(5, 3, 2, 3, 369970.00),
(6, 4, 2, 4, 99990.00),
(8, 5, 2, 5, 159990.00),
(10, 6, 2, 6, 314980.00),
(16, 7, 2, 7, 109990.00),
(18, 8, 3, 8, 69990.00),
(20, 9, 2, 9, 304970.00),
(21, 10, 3, 10, 139990.00),
(24, 11, 2, 11, 54990.00);

-- Inserción de datos en 'detalle_pedido'.
INSERT INTO todotech.detalle_pedido (id_pedido, id_producto, cantidad, precio_unitario) VALUES
(1, 3, 1, 749900.00),
(2, 1, 1, 599900.00),
(2, 35, 1, 159990.00),
(3, 128, 1, 99990.00),
(3, 100, 1, 199990.00),
(3, 50, 1, 69990.00),
(4, 87, 1, 99990.00),
(5, 74, 1, 159990.00),
(6, 99, 1, 34990.00),
(6, 39, 1, 279990.00),
(7, 15, 1, 109990.00),
(8, 50, 1, 69990.00),
(9, 115, 1, 109990.00),
(9, 20, 1, 139990.00),
(9, 10, 1, 54990.00),
(10, 20, 1, 139990.00),
(11, 10, 1, 54990.00);

-- Inserción de datos en 'pedido_empleado'.
INSERT INTO todotech.pedido_empleado (id_pedido, id_empleado) VALUES
(1, 2),
(2, 2),
(2, 8),
(3, 4),
(3, 8),
(3, 10),
(3, 10),
(4, 4),
(4, 8),
(4, 10),
(5, 2),
(5, 8),
(5, 10),
(5, 10),
(5, 6),
(6, 4),
(6, 8),
(7, 4),
(8, 2),
(8, 8),
(8, 6),
(8, 6),
(8, 10),
(9, 2),
(9, 8),
(9, 10),
(9, 10),
(10, 2),
(10, 8),
(10, 10),
(11, 4),
(11, 8),
(11, 10);

/*
SELECT * FROM todotech.metodo_pago;
SELECT * FROM todotech.marca_producto;
SELECT * FROM todotech.categoria_producto;
SELECT * FROM todotech.sucursal;
SELECT * FROM todotech.cliente;
SELECT * FROM todotech.empleado;
SELECT * FROM todotech.direccion;
SELECT * FROM todotech.descuento_cliente;
SELECT * FROM todotech.proveedor;
SELECT * FROM todotech.subcategoria_producto;
SELECT * FROM todotech.rol_empleado;
SELECT * FROM todotech.empleado_rol;
SELECT * FROM todotech.permiso_empleado;
SELECT * FROM todotech.rol_permiso;
SELECT * FROM todotech.imagen_empleado;
SELECT * FROM todotech.envio;
SELECT * FROM todotech.boleta_factura;
SELECT * FROM todotech.producto;
SELECT * FROM todotech.descuento_producto;
SELECT * FROM todotech.historial_precio;
SELECT * FROM todotech.inventario_producto;
SELECT * FROM todotech.imagen_producto;
SELECT * FROM todotech.img_desc_producto;
SELECT * FROM todotech.carrito_compras;
SELECT * FROM todotech.pedido;
SELECT * FROM todotech.detalle_pedido;
SELECT * FROM todotech.pedido_empleado;
*/